zeit,station,gemessen_kn,grad,arome_kn
2026-08-16T09:00+02:00,Cullera Faro,8,256,5.6
2026-08-16T09:05+02:00,Cullera San Antonio,5,321,5.6
2026-08-16T09:10+02:00,Cullera Faro,8,285,5.6
2026-08-16T09:10+02:00,Cullera San Antonio,5,355,5.6
2026-08-16T09:15+02:00,Cullera San Antonio,6,250,5.6
2026-08-16T09:30+02:00,Cullera Faro,13,262,5.6
2026-08-16T09:25+02:00,Cullera San Antonio,5,350,5.6
2026-08-16T09:40+02:00,Cullera Faro,7,264,5.6
2026-08-16T09:45+02:00,Cullera San Antonio,6,78,5.6
2026-08-16T10:30+02:00,Cullera Faro,8,264,5.2
2026-08-16T10:25+02:00,Cullera San Antonio,2,263,5.2
2026-08-16T11:10+02:00,Cullera Faro,3,271,4.3
2026-08-16T11:20+02:00,Cullera San Antonio,2,294,4.3
2026-08-16T12:10+02:00,Cullera Faro,5,82,2.6
2026-08-16T12:20+02:00,Cullera San Antonio,4,86,2.6
2026-08-16T12:40+02:00,Cullera Faro,5,71,2.6
2026-08-16T12:45+02:00,Cullera San Antonio,3,112,2.6
2026-08-16T13:10+02:00,Cullera Faro,4,84,6.5
2026-08-16T13:15+02:00,Cullera San Antonio,3,146,6.5
2026-08-16T13:40+02:00,Cullera Faro,5,87,6.5
2026-08-16T13:40+02:00,Cullera San Antonio,3,100,6.5
2026-08-16T14:40+02:00,Cullera Faro,3,139,6.3
2026-08-16T14:40+02:00,Cullera San Antonio,4,97,6.3
2026-08-16T15:30+02:00,Cullera Faro,2,61,5.6
2026-08-16T15:25+02:00,Cullera San Antonio,5,91,5.6
2026-08-16T16:10+02:00,Cullera Faro,7,109,7.0
2026-08-16T16:20+02:00,Cullera San Antonio,3,88,7.0
2026-08-16T16:40+02:00,Cullera Faro,1,23,7.0
2026-08-16T16:50+02:00,Cullera San Antonio,3,110,7.0
2026-08-16T17:10+02:00,Cullera Faro,7,132,7.7
2026-08-16T17:15+02:00,Cullera San Antonio,4,143,7.7
2026-08-16T17:40+02:00,Cullera Faro,6,103,7.7
2026-08-16T17:40+02:00,Cullera San Antonio,4,120,7.7
2026-08-16T18:10+02:00,Cullera Faro,3,103,8.4
2026-08-16T18:20+02:00,Cullera San Antonio,3,117,8.4
2026-08-16T19:10+02:00,Cullera Faro,4,107,8.5
2026-08-16T19:15+02:00,Cullera San Antonio,3,132,8.5
2026-08-16T19:30+02:00,Cullera Faro,4,90,8.5
2026-08-16T19:35+02:00,Cullera San Antonio,3,119,8.5
2026-08-16T20:30+02:00,Cullera Faro,2,300,9.3
2026-08-16T20:25+02:00,Cullera San Antonio,2,186,9.3
2026-08-16T21:10+02:00,Cullera Faro,2,153,6.6
2026-08-16T21:15+02:00,Cullera San Antonio,1,159,6.6
2026-08-16T21:30+02:00,Cullera Faro,1,96,6.6
2026-08-16T21:35+02:00,Cullera San Antonio,1,148,6.6
2026-08-17T07:30+02:00,Cullera Faro,6,275,4.3
2026-08-17T07:35+02:00,Cullera San Antonio,2,259,4.3
2026-08-17T09:00+02:00,Cullera Faro,2,296,4.2
2026-08-17T09:00+02:00,Cullera San Antonio,2,334,4.2
2026-08-17T10:00+02:00,Cullera Faro,6,273,4.8
2026-08-17T10:05+02:00,Cullera San Antonio,3,292,4.8
2026-08-17T11:00+02:00,Cullera Faro,1,306,1.0
2026-08-17T11:05+02:00,Cullera San Antonio,1,308,1.0
2026-08-17T12:00+02:00,Cullera Faro,5,82,4.1
2026-08-17T12:00+02:00,Cullera San Antonio,3,112,4.1
2026-08-17T12:40+02:00,Cullera Faro,5,75,4.1
2026-08-17T12:55+02:00,Cullera San Antonio,3,113,4.1
2026-08-17T13:30+02:00,Cullera Faro,7,84,5.1
2026-08-17T13:30+02:00,Cullera San Antonio,3,102,5.1
2026-08-17T14:40+02:00,Cullera Faro,1,123,6.3
2026-08-17T14:50+02:00,Cullera San Antonio,3,131,6.3
2026-08-17T15:30+02:00,Cullera Faro,6,100,6.2
2026-08-17T15:40+02:00,Cullera San Antonio,4,76,6.2
2026-08-17T16:30+02:00,Cullera Faro,2,208,7.8
2026-08-17T16:30+02:00,Cullera San Antonio,3,138,7.8
2026-08-17T17:10+02:00,Cullera Faro,6,90,8.0
2026-08-17T17:25+02:00,Cullera San Antonio,3,86,8.0
2026-08-17T18:30+02:00,Cullera Faro,10,99,8.5
2026-08-17T18:30+02:00,Cullera San Antonio,7,82,8.5
2026-08-17T19:10+02:00,Cullera Faro,3,122,10.1
2026-08-17T19:25+02:00,Cullera San Antonio,3,107,10.1
2026-08-17T20:30+02:00,Cullera Faro,2,101,7.4
2026-08-17T20:40+02:00,Cullera San Antonio,3,43,7.4
2026-08-17T21:10+02:00,Cullera Faro,3,113,6.3
2026-08-17T21:25+02:00,Cullera San Antonio,1,82,6.3
2026-08-18T07:30+02:00,Cullera Faro,1,241,2.0
2026-08-18T07:30+02:00,Cullera San Antonio,0,169,2.0
2026-08-18T08:40+02:00,Cullera Faro,3,269,1.8
2026-08-18T08:50+02:00,Cullera San Antonio,0,64,1.8
2026-08-18T09:30+02:00,Cullera Faro,2,54,1.8
2026-08-18T09:35+02:00,Cullera San Antonio,2,103,1.8
2026-08-18T10:30+02:00,Cullera Faro,2,88,0.8
2026-08-18T10:40+02:00,Cullera San Antonio,2,103,0.8
2026-08-18T11:30+02:00,Cullera Faro,5,98,3.0
2026-08-18T11:30+02:00,Cullera San Antonio,2,78,3.0
2026-08-18T12:30+02:00,Cullera Faro,6,123,4.8
2026-08-18T12:30+02:00,Cullera San Antonio,5,127,4.8
2026-08-18T13:10+02:00,Cullera Faro,6,117,6.5
2026-08-18T13:20+02:00,Cullera San Antonio,6,127,6.5
2026-08-18T14:40+02:00,Cullera Faro,3,245,8.8
2026-08-18T14:45+02:00,Cullera San Antonio,5,173,8.8
2026-08-18T15:40+02:00,Cullera Faro,10,103,9.2
2026-08-18T15:40+02:00,Cullera San Antonio,6,111,9.2
2026-08-18T16:30+02:00,Cullera Faro,3,61,10.6
2026-08-18T16:30+02:00,Cullera San Antonio,6,134,10.6
2026-08-18T17:30+02:00,Cullera Faro,5,210,13.1
2026-08-18T17:25+02:00,Cullera San Antonio,4,60,13.1
2026-08-18T18:30+02:00,Cullera Faro,2,146,11.9
2026-08-18T18:25+02:00,Cullera San Antonio,3,167,11.9
2026-08-18T19:10+02:00,Cullera Faro,2,302,12.3
2026-08-18T19:25+02:00,Cullera San Antonio,3,160,12.3
2026-08-18T20:30+02:00,Cullera Faro,7,322,8.9
2026-08-18T20:35+02:00,Cullera San Antonio,0,22,8.9
2026-08-18T21:10+02:00,Cullera Faro,10,319,4.9
2026-08-18T21:20+02:00,Cullera San Antonio,3,114,4.9
2026-08-19T08:40+02:00,Cullera Faro,3,254,3.1
2026-08-19T08:45+02:00,Cullera San Antonio,0,141,3.1
2026-08-19T09:30+02:00,Cullera Faro,0,269,1.5
2026-08-19T09:35+02:00,Cullera San Antonio,0,142,1.5
2026-08-19T11:30+02:00,Cullera Faro,10,295,6.5
2026-08-19T11:30+02:00,Cullera San Antonio,3,317,6.5
2026-08-19T12:30+02:00,Cullera Faro,4,246,7.3
2026-08-19T12:26+02:00,Cullera San Antonio,3,99,7.3
2026-08-19T13:10+02:00,Cullera Faro,3,141,8.2
2026-08-19T13:20+02:00,Cullera San Antonio,3,94,8.2
2026-08-19T14:50+02:00,Cullera Faro,3,119,5.3
2026-08-19T14:45+02:00,Cullera San Antonio,2,159,5.3
2026-08-19T15:40+02:00,Cullera Faro,6,172,10.5
2026-08-19T15:40+02:00,Cullera San Antonio,4,136,10.5
2026-08-19T16:30+02:00,Cullera Faro,4,128,10.6
2026-08-19T16:31+02:00,Cullera San Antonio,3,114,10.6
2026-08-19T17:30+02:00,Cullera Faro,6,160,8.4
2026-08-19T17:25+02:00,Cullera San Antonio,2,106,8.4
2026-08-19T18:30+02:00,Cullera Faro,1,159,6.7
2026-08-19T18:25+02:00,Cullera San Antonio,2,74,6.7
2026-08-19T19:20+02:00,Cullera Faro,2,128,6.1
2026-08-19T19:21+02:00,Cullera San Antonio,2,93,6.1
2026-08-19T20:30+02:00,Cullera Faro,8,175,2.5
2026-08-19T20:35+02:00,Cullera San Antonio,0,80,2.5
2026-08-19T21:10+02:00,Cullera Faro,2,261,3.3
2026-08-19T21:25+02:00,Cullera San Antonio,3,258,3.3
2026-08-20T07:30+02:00,Cullera Faro,1,180,3.3
2026-08-20T07:25+02:00,Cullera San Antonio,1,150,3.3
2026-08-20T08:40+02:00,Cullera Faro,0,244,3.7
2026-08-20T08:45+02:00,Cullera San Antonio,1,94,3.7
2026-08-20T09:30+02:00,Cullera Faro,1,246,3.8
2026-08-20T09:40+02:00,Cullera San Antonio,1,94,3.8
2026-08-20T10:30+02:00,Cullera Faro,3,336,5.7
2026-08-20T10:40+02:00,Cullera San Antonio,2,83,5.7
2026-08-20T11:30+02:00,Cullera Faro,5,49,5.5
2026-08-20T11:35+02:00,Cullera San Antonio,4,90,5.5
2026-08-20T12:30+02:00,Cullera Faro,4,36,4.8
2026-08-20T12:30+02:00,Cullera San Antonio,3,246,4.8
2026-08-20T13:10+02:00,Cullera Faro,10,100,10.1
2026-08-20T13:25+02:00,Cullera San Antonio,8,68,10.1
2026-08-20T14:40+02:00,Cullera Faro,5,46,16.8
2026-08-20T14:55+02:00,Cullera San Antonio,2,259,16.8
2026-08-20T16:00+02:00,Cullera Faro,21,202,6.8
2026-08-20T16:05+02:00,Cullera San Antonio,7,181,6.8
2026-08-20T17:00+02:00,Cullera Faro,17,249,13.9
2026-08-20T17:00+02:00,Cullera San Antonio,4,298,13.9
2026-08-20T17:40+02:00,Cullera Faro,7,280,0.8
2026-08-20T17:55+02:00,Cullera San Antonio,7,31,0.8
2026-08-20T18:50+02:00,Cullera Faro,23,287,8.3
2026-08-20T18:55+02:00,Cullera San Antonio,18,273,8.3
2026-08-20T19:50+02:00,Cullera Faro,1,360,8.3
2026-08-20T19:50+02:00,Cullera San Antonio,3,261,8.3
2026-08-20T20:40+02:00,Cullera Faro,3,123,7.9
2026-08-20T20:45+02:00,Cullera San Antonio,5,215,7.9
2026-08-20T21:30+02:00,Cullera Faro,4,182,11.0
2026-08-20T21:30+02:00,Cullera San Antonio,3,321,11.0
2026-08-21T07:30+02:00,Cullera Faro,17,235,6.2
2026-08-21T07:30+02:00,Cullera San Antonio,4,340,6.2
2026-08-21T08:40+02:00,Cullera Faro,7,240,6.1
2026-08-21T08:50+02:00,Cullera San Antonio,3,277,6.1
2026-08-21T09:40+02:00,Cullera Faro,13,263,5.5
2026-08-21T09:45+02:00,Cullera San Antonio,5,273,5.5
2026-08-21T10:40+02:00,Cullera Faro,17,288,6.4
2026-08-21T10:45+02:00,Cullera San Antonio,5,333,6.4
2026-08-21T11:30+02:00,Cullera Faro,9,262,5.5
2026-08-21T11:35+02:00,Cullera San Antonio,5,360,5.5
2026-08-21T12:30+02:00,Cullera Faro,3,348,4.2
2026-08-21T12:30+02:00,Cullera San Antonio,3,270,4.2
2026-08-21T13:10+02:00,Cullera Faro,9,90,2.9
2026-08-21T13:25+02:00,Cullera San Antonio,3,123,2.9
2026-08-21T14:40+02:00,Cullera Faro,7,103,3.1
2026-08-21T14:55+02:00,Cullera San Antonio,10,86,3.1
2026-08-21T15:40+02:00,Cullera Faro,8,132,7.6
2026-08-21T15:50+02:00,Cullera San Antonio,3,75,7.6
2026-08-21T16:30+02:00,Cullera Faro,3,312,8.6
2026-08-21T16:35+02:00,Cullera San Antonio,4,213,8.6
2026-08-21T17:30+02:00,Cullera Faro,8,132,11.2
2026-08-21T17:35+02:00,Cullera San Antonio,4,163,11.2
2026-08-21T18:30+02:00,Cullera Faro,8,138,11.9
2026-08-21T18:35+02:00,Cullera San Antonio,3,157,11.9
2026-08-21T19:30+02:00,Cullera Faro,14,117,13.2
2026-08-21T19:30+02:00,Cullera San Antonio,3,95,13.2
2026-08-21T20:30+02:00,Cullera Faro,6,101,14.8
2026-08-21T20:40+02:00,Cullera San Antonio,8,82,14.8
2026-08-21T21:10+02:00,Cullera Faro,18,92,13.4
2026-08-21T21:25+02:00,Cullera San Antonio,11,89,13.4
2026-08-21T21:40+02:00,Cullera Faro,8,72,13.4
2026-08-21T21:45+02:00,Cullera San Antonio,12,96,13.4
2026-08-22T07:10+02:00,Cullera Faro,7,60,5.3
2026-08-22T07:25+02:00,Cullera San Antonio,2,339,5.3
2026-08-22T08:40+02:00,Cullera Faro,9,269,5.5
2026-08-22T08:45+02:00,Cullera San Antonio,2,238,5.5
2026-08-22T09:30+02:00,Cullera Faro,10,292,5.4
2026-08-22T09:30+02:00,Cullera San Antonio,2,275,5.4
2026-08-22T10:30+02:00,Cullera Faro,10,32,3.5
2026-08-22T10:30+02:00,Cullera San Antonio,2,84,3.5
2026-08-22T11:10+02:00,Cullera Faro,10,30,4.3
2026-08-22T11:25+02:00,Cullera San Antonio,4,75,4.3
2026-08-22T12:10+02:00,Cullera Faro,5,346,4.7
2026-08-22T12:25+02:00,Cullera San Antonio,8,83,4.7
2026-08-22T12:40+02:00,Cullera Faro,7,49,4.7
2026-08-22T12:50+02:00,Cullera San Antonio,7,88,4.7
2026-08-22T13:10+02:00,Cullera Faro,8,66,5.1
2026-08-22T13:20+02:00,Cullera San Antonio,7,88,5.1
2026-08-22T13:40+02:00,Cullera Faro,7,48,5.1
2026-08-22T13:45+02:00,Cullera San Antonio,7,84,5.1
2026-08-22T14:40+02:00,Cullera Faro,8,65,5.7
2026-08-22T14:45+02:00,Cullera San Antonio,8,88,5.7
2026-08-22T15:30+02:00,Cullera Faro,9,65,7.5
2026-08-22T15:30+02:00,Cullera San Antonio,4,95,7.5
2026-08-22T16:10+02:00,Cullera Faro,10,70,8.4
2026-08-22T16:20+02:00,Cullera San Antonio,5,28,8.4
2026-08-22T16:40+02:00,Cullera Faro,11,83,8.4
2026-08-22T16:45+02:00,Cullera San Antonio,6,87,8.4
2026-08-22T17:10+02:00,Cullera Faro,10,90,7.9
2026-08-22T17:20+02:00,Cullera San Antonio,6,44,7.9
2026-08-22T17:40+02:00,Cullera Faro,13,78,7.9
2026-08-22T17:45+02:00,Cullera San Antonio,7,112,7.9
2026-08-22T18:10+02:00,Cullera Faro,6,94,6.2
2026-08-22T18:25+02:00,Cullera San Antonio,7,104,6.2
2026-08-22T19:10+02:00,Cullera Faro,12,96,
2026-08-22T19:20+02:00,Cullera San Antonio,6,97,
2026-08-22T19:40+02:00,Cullera Faro,7,120,5.9
2026-08-22T19:45+02:00,Cullera San Antonio,8,101,5.9
2026-08-22T20:30+02:00,Cullera Faro,4,109,6.0
2026-08-22T20:30+02:00,Cullera San Antonio,7,102,6.0
2026-08-22T21:10+02:00,Cullera Faro,6,126,5.6
2026-08-22T21:20+02:00,Cullera San Antonio,3,117,5.6
2026-08-22T21:40+02:00,Cullera Faro,1,98,5.6
2026-08-22T21:45+02:00,Cullera San Antonio,1,110,5.6
2026-08-23T07:30+02:00,Cullera Faro,7,244,4.4
2026-08-23T07:30+02:00,Cullera San Antonio,3,332,4.4
2026-08-23T08:40+02:00,Cullera Faro,10,272,4.5
2026-08-23T08:45+02:00,Cullera San Antonio,4,342,4.5
2026-08-23T09:30+02:00,Cullera Faro,3,294,3.9
2026-08-23T09:35+02:00,Cullera San Antonio,1,26,3.9
2026-08-23T10:30+02:00,Cullera Faro,3,254,3.9
2026-08-23T10:30+02:00,Cullera San Antonio,2,106,3.9
2026-08-23T11:30+02:00,Cullera Faro,2,77,1.4
2026-08-23T11:30+02:00,Cullera San Antonio,2,144,1.4
2026-08-23T12:10+02:00,Cullera Faro,5,78,
2026-08-23T12:20+02:00,Cullera San Antonio,5,84,
2026-08-23T12:40+02:00,Cullera Faro,7,139,6.7
2026-08-23T12:45+02:00,Cullera San Antonio,4,11,6.7
2026-08-23T13:10+02:00,Cullera Faro,8,111,3.9
2026-08-23T13:15+02:00,Cullera San Antonio,4,84,3.9
2026-08-23T13:50+02:00,Cullera Faro,2,160,3.9
2026-08-23T13:40+02:00,Cullera San Antonio,6,95,3.9
2026-08-23T14:50+02:00,Cullera Faro,4,115,6.5
2026-08-23T14:40+02:00,Cullera San Antonio,3,142,6.5
2026-08-23T15:30+02:00,Cullera Faro,5,115,10.4
2026-08-23T15:25+02:00,Cullera San Antonio,6,137,10.4
2026-08-23T16:10+02:00,Cullera Faro,7,123,10.5
2026-08-23T16:20+02:00,Cullera San Antonio,3,124,10.5
2026-08-23T16:40+02:00,Cullera Faro,5,186,10.5
2026-08-23T16:45+02:00,Cullera San Antonio,4,84,10.5
2026-08-23T17:20+02:00,Cullera Faro,6,339,11.7
2026-08-23T17:20+02:00,Cullera San Antonio,5,124,11.7
2026-08-23T17:50+02:00,Cullera Faro,4,163,11.7
2026-08-23T17:45+02:00,Cullera San Antonio,4,147,11.7
2026-08-23T18:10+02:00,Cullera Faro,7,125,14.2
2026-08-23T18:20+02:00,Cullera San Antonio,6,142,14.2
2026-08-23T19:20+02:00,Cullera Faro,8,226,14.5
2026-08-23T19:20+02:00,Cullera San Antonio,4,87,14.5
2026-08-23T19:40+02:00,Cullera Faro,9,90,14.5
2026-08-23T19:45+02:00,Cullera San Antonio,5,138,14.5
2026-08-23T20:30+02:00,Cullera Faro,6,91,13.7
2026-08-23T20:25+02:00,Cullera San Antonio,4,232,13.7
2026-08-23T21:10+02:00,Cullera Faro,3,163,12.7
2026-08-23T21:16+02:00,Cullera San Antonio,5,132,12.7
2026-08-23T21:40+02:00,Cullera Faro,10,92,12.7
2026-08-23T21:41+02:00,Cullera San Antonio,2,109,12.7
2026-08-24T07:30+02:00,Cullera Faro,6,249,4.3
2026-08-24T07:30+02:00,Cullera San Antonio,3,300,4.3
2026-08-24T09:00+02:00,Cullera Faro,2,278,2.4
2026-08-24T09:00+02:00,Cullera San Antonio,2,339,2.4
2026-08-24T10:00+02:00,Cullera Faro,7,286,1.7
2026-08-24T10:00+02:00,Cullera San Antonio,3,225,1.7
2026-08-24T11:20+02:00,Cullera Faro,2,226,3.4
2026-08-24T11:15+02:00,Cullera San Antonio,1,333,3.4
2026-08-24T12:00+02:00,Cullera Faro,1,222,3.5
2026-08-24T12:05+02:00,Cullera San Antonio,2,205,3.5
2026-08-24T13:00+02:00,Cullera Faro,1,174,7.8
2026-08-24T13:00+02:00,Cullera San Antonio,2,282,7.8
2026-08-24T13:40+02:00,Cullera Faro,3,103,6.9
2026-08-24T13:45+02:00,Cullera San Antonio,5,132,6.9
2026-08-24T15:00+02:00,Cullera Faro,9,112,8.6
2026-08-24T15:00+02:00,Cullera San Antonio,5,121,8.6
2026-08-24T16:00+02:00,Cullera Faro,10,96,11.1
2026-08-24T16:01+02:00,Cullera San Antonio,3,149,11.1
2026-08-24T17:00+02:00,Cullera Faro,7,126,11.4
2026-08-24T17:05+02:00,Cullera San Antonio,3,63,11.4
2026-08-24T18:00+02:00,Cullera Faro,4,117,11.9
2026-08-24T18:00+02:00,Cullera San Antonio,3,150,11.9
2026-08-24T19:00+02:00,Cullera Faro,0,92,3.3
2026-08-24T19:00+02:00,Cullera San Antonio,3,138,3.3
2026-08-24T20:40+02:00,Cullera Faro,5,251,5.5
2026-08-24T20:50+02:00,Cullera San Antonio,3,266,5.5
2026-08-24T21:30+02:00,Cullera Faro,5,263,8.7
2026-08-24T21:30+02:00,Cullera San Antonio,4,294,8.7
2026-08-25T07:30+02:00,Cullera Faro,10,247,8.0
2026-08-25T07:30+02:00,Cullera San Antonio,6,267,8.0
2026-08-25T08:40+02:00,Cullera Faro,10,236,9.1
2026-08-25T08:45+02:00,Cullera San Antonio,2,271,9.1
2026-08-25T09:30+02:00,Cullera Faro,18,246,9.0
2026-08-25T10:40+02:00,Cullera Faro,5,244,8.3
2026-08-25T10:45+02:00,Cullera San Antonio,4,312,8.3
2026-08-25T11:30+02:00,Cullera Faro,13,274,7.8
2026-08-25T11:35+02:00,Cullera San Antonio,5,272,7.8
2026-08-25T12:30+02:00,Cullera Faro,5,293,6.8
2026-08-25T13:30+02:00,Cullera San Antonio,4,292,4.2
2026-08-25T14:40+02:00,Cullera Faro,6,109,6.5
2026-08-25T14:50+02:00,Cullera San Antonio,2,180,6.5
2026-08-25T15:40+02:00,Cullera Faro,3,215,7.8
2026-08-25T15:50+02:00,Cullera San Antonio,5,140,7.8
2026-08-25T16:40+02:00,Cullera Faro,4,192,11.8
2026-08-25T16:50+02:00,Cullera San Antonio,4,110,11.8
2026-08-25T17:40+02:00,Cullera Faro,4,101,14.0
2026-08-25T17:45+02:00,Cullera San Antonio,4,114,14.0
2026-08-25T18:30+02:00,Cullera Faro,5,119,15.9
2026-08-25T18:40+02:00,Cullera San Antonio,4,229,15.9
2026-08-25T19:30+02:00,Cullera Faro,6,47,16.4
2026-08-25T19:30+02:00,Cullera San Antonio,3,129,16.4
2026-08-25T20:30+02:00,Cullera Faro,5,329,14.3
2026-08-25T20:40+02:00,Cullera San Antonio,2,229,14.3
2026-08-25T21:30+02:00,Cullera Faro,4,105,12.6
2026-08-25T21:30+02:00,Cullera San Antonio,4,151,12.6
2026-08-26T07:30+02:00,Cullera Faro,11,278,5.1
2026-08-26T07:35+02:00,Cullera San Antonio,7,360,5.1
2026-08-26T08:40+02:00,Cullera Faro,10,115,4.2
2026-08-26T08:55+02:00,Cullera San Antonio,4,181,4.2
2026-08-26T09:40+02:00,Cullera Faro,10,288,4.7
2026-08-26T09:50+02:00,Cullera San Antonio,5,315,4.7
2026-08-26T10:40+02:00,Cullera Faro,10,261,5.5
2026-08-26T10:45+02:00,Cullera San Antonio,5,270,5.5
2026-08-26T11:40+02:00,Cullera Faro,9,240,4.5
2026-08-26T11:45+02:00,Cullera San Antonio,4,266,4.5
2026-08-26T12:30+02:00,Cullera Faro,6,355,0.3
2026-08-26T12:35+02:00,Cullera San Antonio,2,83,0.3
2026-08-26T13:30+02:00,Cullera Faro,0,101,6.1
2026-08-26T13:30+02:00,Cullera San Antonio,4,91,6.1
2026-08-26T15:00+02:00,Cullera Faro,3,94,9.2
2026-08-26T15:00+02:00,Cullera San Antonio,6,134,9.2
2026-08-26T16:10+02:00,Cullera Faro,9,116,12.0
2026-08-26T16:15+02:00,Cullera San Antonio,5,169,12.0
2026-08-26T17:40+02:00,Cullera Faro,10,148,13.7
2026-08-26T17:55+02:00,Cullera San Antonio,4,147,13.7
2026-08-26T20:10+02:00,Cullera Faro,1,101,13.0
2026-08-26T20:15+02:00,Cullera San Antonio,2,94,13.0
2026-08-26T22:30+02:00,Cullera Faro,10,270,7.9
2026-08-26T22:35+02:00,Cullera San Antonio,5,327,7.9
2026-08-27T18:10+02:00,Cullera Faro,9,117,13.7
2026-08-27T18:11+02:00,Cullera San Antonio,3,163,13.7
2026-08-28T03:00+02:00,Cullera Faro,16,287,9.5
2026-08-28T02:55+02:00,Cullera San Antonio,6,283,9.5
2026-08-28T19:00+02:00,Cullera Faro,2,169,10.1
2026-08-28T19:10+02:00,Cullera San Antonio,1,110,10.1
2026-08-29T03:00+02:00,Cullera Faro,10,268,6.3
2026-08-29T03:00+02:00,Cullera San Antonio,3,270,6.3
2026-08-29T13:10+02:00,Cullera Faro,0,57,4.9
2026-08-29T13:25+02:00,Cullera San Antonio,5,93,4.9
2026-08-29T18:30+02:00,Cullera Faro,3,324,7.8
2026-08-29T18:30+02:00,Cullera San Antonio,2,326,7.8
2026-08-29T21:30+02:00,Cullera Faro,1,109,7.3
2026-08-29T21:35+02:00,Cullera San Antonio,5,82,7.3
2026-08-30T12:10+02:00,Cullera Faro,1,117,5.8
2026-08-30T12:20+02:00,Cullera San Antonio,5,109,5.8
2026-08-30T16:50+02:00,Cullera Faro,7,119,12.0
2026-08-30T16:50+02:00,Cullera San Antonio,5,134,12.0
2026-08-30T20:10+02:00,Cullera Faro,10,155,9.1
2026-08-30T20:25+02:00,Cullera San Antonio,3,111,9.1
2026-08-30T23:50+02:00,Cullera Faro,12,273,7.4
2026-08-30T23:45+02:00,Cullera San Antonio,5,360,7.4
2026-08-31T13:10+02:00,Cullera Faro,8,308,6.0
2026-08-31T13:20+02:00,Cullera San Antonio,2,51,6.0
2026-08-31T20:00+02:00,Cullera Faro,3,113,9.3
2026-08-31T20:00+02:00,Cullera San Antonio,3,96,9.3
2026-09-01T00:40+02:00,Cullera Faro,8,68,5.9
2026-09-01T00:50+02:00,Cullera San Antonio,3,88,5.9
2026-09-01T11:40+02:00,Cullera Faro,2,140,1.8
2026-09-01T11:45+02:00,Cullera San Antonio,3,202,1.8
2026-09-01T16:30+02:00,Cullera Faro,1,170,6.1
2026-09-01T16:35+02:00,Cullera San Antonio,2,134,6.1
2026-09-01T20:00+02:00,Cullera Faro,1,120,4.6
2026-09-01T20:10+02:00,Cullera San Antonio,1,161,4.6
2026-09-01T23:00+02:00,Cullera Faro,0,155,3.9
2026-09-01T23:10+02:00,Cullera San Antonio,0,134,3.9
2026-09-02T11:10+02:00,Cullera Faro,5,92,2.8
2026-09-02T11:20+02:00,Cullera San Antonio,3,150,2.8
2026-09-02T15:30+02:00,Cullera Faro,4,84,5.9
2026-09-02T15:40+02:00,Cullera San Antonio,7,92,5.9
2026-09-02T19:30+02:00,Cullera Faro,3,142,6.8
2026-09-02T19:40+02:00,Cullera San Antonio,5,85,6.8
2026-09-02T22:50+02:00,Cullera Faro,0,71,4.9
2026-09-02T22:45+02:00,Cullera San Antonio,2,101,4.9
2026-09-03T11:20+02:00,Cullera Faro,4,76,2.3
2026-09-03T11:25+02:00,Cullera San Antonio,3,177,2.3
2026-09-03T16:00+02:00,Cullera Faro,9,123,6.0
2026-09-03T16:10+02:00,Cullera San Antonio,3,173,6.0
2026-09-03T19:50+02:00,Cullera Faro,3,155,9.1
2026-09-03T19:55+02:00,Cullera San Antonio,8,86,9.1
2026-09-03T22:40+02:00,Cullera Faro,0,74,5.2
2026-09-03T22:50+02:00,Cullera San Antonio,1,92,5.2
2026-09-04T11:20+02:00,Cullera Faro,1,141,3.7
2026-09-04T11:20+02:00,Cullera San Antonio,3,196,3.7
2026-09-04T15:30+02:00,Cullera Faro,2,199,5.2
2026-09-04T15:35+02:00,Cullera San Antonio,5,80,5.2
2026-09-04T19:10+02:00,Cullera Faro,5,320,2.7
2026-09-04T19:25+02:00,Cullera San Antonio,3,168,2.7
2026-09-04T22:30+02:00,Cullera Faro,8,273,4.8
2026-09-04T22:30+02:00,Cullera San Antonio,1,225,4.8
2026-09-05T10:40+02:00,Cullera Faro,7,267,1.1
2026-09-05T10:50+02:00,Cullera San Antonio,3,111,1.1
2026-09-05T14:10+02:00,Cullera Faro,2,360,7.1
2026-09-05T14:25+02:00,Cullera San Antonio,3,132,7.1
2026-09-05T17:40+02:00,Cullera Faro,5,360,8.8
2026-09-05T17:45+02:00,Cullera San Antonio,5,142,8.8
2026-09-05T19:40+02:00,Cullera Faro,3,146,9.3
2026-09-05T19:55+02:00,Cullera San Antonio,2,128,9.3
2026-09-05T22:30+02:00,Cullera Faro,3,253,2.1
2026-09-05T22:30+02:00,Cullera San Antonio,1,298,2.1
2026-09-06T11:00+02:00,Cullera Faro,1,264,1.6
2026-09-06T11:10+02:00,Cullera San Antonio,1,125,1.6
2026-09-06T14:40+02:00,Cullera Faro,3,163,7.0
2026-09-06T14:50+02:00,Cullera San Antonio,3,161,7.0
2026-09-06T18:10+02:00,Cullera Faro,6,210,10.7
2026-09-06T18:16+02:00,Cullera San Antonio,3,138,10.7
2026-09-06T20:30+02:00,Cullera Faro,2,213,8.1
2026-09-06T20:30+02:00,Cullera San Antonio,2,163,8.1
2026-09-06T23:00+02:00,Cullera Faro,0,78,5.0
2026-09-06T23:05+02:00,Cullera San Antonio,2,272,5.0
2026-09-07T11:40+02:00,Cullera Faro,1,84,3.6
2026-09-07T11:55+02:00,Cullera San Antonio,3,76,3.6
2026-09-07T17:40+02:00,Cullera Faro,2,96,7.4
2026-09-07T17:55+02:00,Cullera San Antonio,3,70,7.4
2026-09-07T21:40+02:00,Cullera Faro,12,259,7.8
2026-09-07T21:45+02:00,Cullera San Antonio,3,252,7.8
2026-09-08T11:10+02:00,Cullera Faro,2,150,4.3
2026-09-08T11:25+02:00,Cullera San Antonio,2,101,4.3
2026-09-08T15:30+02:00,Cullera Faro,10,157,4.0
2026-09-08T15:40+02:00,Cullera San Antonio,3,95,4.0
2026-09-08T19:40+02:00,Cullera Faro,0,238,8.1
2026-09-08T19:45+02:00,Cullera San Antonio,3,90,8.1
2026-09-08T22:40+02:00,Cullera Faro,10,262,0.8
2026-09-08T22:55+02:00,Cullera San Antonio,8,313,0.8
2026-09-09T11:10+02:00,Cullera Faro,3,34,7.5
2026-09-09T11:25+02:00,Cullera San Antonio,3,92,7.5
2026-09-09T16:20+02:00,Cullera Faro,7,240,7.0
2026-09-09T16:15+02:00,Cullera San Antonio,2,292,7.0
2026-09-09T19:40+02:00,Cullera Faro,2,129,6.0
2026-09-09T19:50+02:00,Cullera San Antonio,1,186,6.0
2026-09-09T22:50+02:00,Cullera Faro,6,259,6.1
2026-09-09T22:45+02:00,Cullera San Antonio,0,41,6.1
2026-09-10T11:10+02:00,Cullera Faro,1,286,5.3
2026-09-10T11:25+02:00,Cullera San Antonio,3,302,5.3
2026-09-10T15:30+02:00,Cullera Faro,7,99,2.7
2026-09-10T15:40+02:00,Cullera San Antonio,4,105,2.7
2026-09-10T17:48+02:00,Cullera Marenyet,8,94,6.6
2026-09-10T17:50+02:00,Cullera Faro,3,108,6.6
2026-09-10T17:45+02:00,Cullera San Antonio,2,111,6.6
2026-09-10T18:04+02:00,Cullera Marenyet,10,138,9.5
2026-09-10T18:00+02:00,Cullera Faro,3,124,9.5
2026-09-10T18:05+02:00,Cullera San Antonio,3,191,9.5
2026-09-10T18:19+02:00,Cullera Marenyet,11,139,9.5
2026-09-10T18:20+02:00,Cullera Faro,2,309,9.5
2026-09-10T18:15+02:00,Cullera San Antonio,4,124,9.5
2026-09-10T18:33+02:00,Cullera Marenyet,11,124,9.5
2026-09-10T18:30+02:00,Cullera Faro,5,28,9.5
2026-09-10T18:35+02:00,Cullera San Antonio,5,136,9.5
2026-09-10T18:49+02:00,Cullera Marenyet,11,136,9.5
2026-09-10T18:40+02:00,Cullera Faro,4,191,9.5
2026-09-10T18:45+02:00,Cullera San Antonio,4,254,9.5
2026-09-10T19:04+02:00,Cullera Marenyet,11,160,11.2
2026-09-10T19:00+02:00,Cullera Faro,1,350,11.2
2026-09-10T19:00+02:00,Cullera San Antonio,5,165,11.2
2026-09-10T19:19+02:00,Cullera Marenyet,9,141,11.2
2026-09-10T19:10+02:00,Cullera Faro,5,170,11.2
2026-09-10T19:16+02:00,Cullera San Antonio,4,150,11.2
2026-09-10T19:34+02:00,Cullera Marenyet,10,145,11.2
2026-09-10T19:30+02:00,Cullera Faro,2,160,11.2
2026-09-10T19:30+02:00,Cullera San Antonio,5,148,11.2
2026-09-10T19:48+02:00,Cullera Marenyet,9,149,11.2
2026-09-10T19:40+02:00,Cullera Faro,2,69,11.2
2026-09-10T19:50+02:00,Cullera San Antonio,7,204,11.2
2026-09-10T20:03+02:00,Cullera Marenyet,6,135,10.5
2026-09-10T20:00+02:00,Cullera Faro,4,144,10.5
2026-09-10T20:00+02:00,Cullera San Antonio,6,194,10.5
2026-09-10T20:23+02:00,Cullera Marenyet,9,146,10.5
2026-09-10T20:10+02:00,Cullera Faro,5,135,10.5
2026-09-10T20:20+02:00,Cullera San Antonio,4,165,10.5
2026-09-10T20:39+02:00,Cullera Marenyet,7,176,10.5
2026-09-10T20:30+02:00,Cullera Faro,1,136,10.5
2026-09-10T20:35+02:00,Cullera San Antonio,5,221,10.5
2026-09-10T20:49+02:00,Cullera Marenyet,3,165,9.9
2026-09-10T20:40+02:00,Cullera Faro,3,107,9.9
2026-09-10T20:45+02:00,Cullera San Antonio,3,193,9.9
2026-09-10T21:04+02:00,Cullera Marenyet,4,128,8.5
2026-09-10T21:00+02:00,Cullera Faro,1,360,8.5
2026-09-10T21:05+02:00,Cullera San Antonio,3,167,8.5
2026-09-10T21:19+02:00,Cullera Marenyet,5,175,8.5
2026-09-10T21:10+02:00,Cullera Faro,3,44,8.5
2026-09-10T21:20+02:00,Cullera San Antonio,4,149,8.5
2026-09-10T21:33+02:00,Cullera Marenyet,3,195,8.5
2026-09-10T21:30+02:00,Cullera Faro,6,167,8.5
2026-09-10T21:35+02:00,Cullera San Antonio,4,115,8.5
2026-09-10T21:49+02:00,Cullera Marenyet,3,183,8.5
2026-09-10T21:40+02:00,Cullera Faro,5,131,8.5
2026-09-10T21:50+02:00,Cullera San Antonio,3,199,8.5
2026-09-10T22:03+02:00,Cullera Marenyet,3,181,5.6
2026-09-10T22:00+02:00,Cullera Faro,4,209,5.6
2026-09-10T22:05+02:00,Cullera San Antonio,0,284,5.6
2026-09-10T23:19+02:00,Cullera Marenyet,0,246,2.5
2026-09-10T23:20+02:00,Cullera Faro,2,126,2.5
2026-09-10T23:20+02:00,Cullera San Antonio,0,98,2.5
2026-09-11T11:14+02:00,Cullera Marenyet,4,58,3.3
2026-09-11T11:20+02:00,Cullera Faro,2,249,3.3
2026-09-11T11:10+02:00,Cullera San Antonio,3,350,3.3
2026-09-11T11:29+02:00,Cullera Marenyet,4,65,3.3
2026-09-11T11:30+02:00,Cullera Faro,2,37,3.3
2026-09-11T11:30+02:00,Cullera San Antonio,2,119,3.3
2026-09-11T11:43+02:00,Cullera Marenyet,6,83,3.3
2026-09-11T11:50+02:00,Cullera Faro,5,71,3.3
2026-09-11T11:40+02:00,Cullera San Antonio,3,107,3.3
2026-09-11T11:59+02:00,Cullera Marenyet,7,86,1.0
2026-09-11T12:00+02:00,Cullera Faro,3,96,1.0
2026-09-11T11:55+02:00,Cullera San Antonio,6,113,1.0
2026-09-11T12:14+02:00,Cullera Marenyet,7,80,1.0
2026-09-11T12:20+02:00,Cullera Faro,3,84,1.0
2026-09-11T12:10+02:00,Cullera San Antonio,5,101,1.0
2026-09-11T12:29+02:00,Cullera Marenyet,5,86,1.0
2026-09-11T12:30+02:00,Cullera Faro,4,102,1.0
2026-09-11T12:25+02:00,Cullera San Antonio,5,89,1.0
2026-09-11T12:44+02:00,Cullera Marenyet,6,88,1.0
2026-09-11T12:40+02:00,Cullera Faro,4,83,1.0
2026-09-11T12:41+02:00,Cullera San Antonio,5,90,1.0
2026-09-11T12:59+02:00,Cullera Marenyet,8,89,6.0
2026-09-11T13:00+02:00,Cullera Faro,4,117,6.0
2026-09-11T12:55+02:00,Cullera San Antonio,5,99,6.0
2026-09-11T13:14+02:00,Cullera Marenyet,6,79,6.0
2026-09-11T13:10+02:00,Cullera Faro,2,360,6.0
2026-09-11T13:11+02:00,Cullera San Antonio,5,103,6.0
2026-09-11T13:29+02:00,Cullera Marenyet,6,82,6.0
2026-09-11T13:30+02:00,Cullera Faro,5,139,6.0
2026-09-11T13:25+02:00,Cullera San Antonio,5,98,6.0
2026-09-11T13:44+02:00,Cullera Marenyet,8,78,6.0
2026-09-11T13:40+02:00,Cullera Faro,6,360,6.0
2026-09-11T13:45+02:00,Cullera San Antonio,6,111,6.0
2026-09-11T13:59+02:00,Cullera Marenyet,8,67,7.4
2026-09-11T14:00+02:00,Cullera Faro,8,96,7.4
2026-09-11T14:00+02:00,Cullera San Antonio,3,129,7.4
2026-09-11T14:14+02:00,Cullera Marenyet,9,71,7.4
2026-09-11T14:10+02:00,Cullera Faro,8,86,7.4
2026-09-11T14:15+02:00,Cullera San Antonio,4,117,7.4
2026-09-11T14:29+02:00,Cullera Marenyet,9,75,7.4
2026-09-11T14:30+02:00,Cullera Faro,7,119,7.4
2026-09-11T14:30+02:00,Cullera San Antonio,7,97,7.4
2026-09-11T14:44+02:00,Cullera Marenyet,10.4,89,7.4
2026-09-11T14:40+02:00,Cullera Faro,4.3,114,7.4
2026-09-11T14:45+02:00,Cullera San Antonio,7.8,69,7.4
2026-09-11T14:58+02:00,Cullera Marenyet,8.7,93,8.0
2026-09-11T15:00+02:00,Cullera Faro,3.5,259,8.0
2026-09-11T15:00+02:00,Cullera San Antonio,2.6,52,8.0
2026-09-11T15:14+02:00,Cullera Marenyet,9.6,96,8.4
2026-09-11T15:10+02:00,Cullera Faro,7.0,180,8.4
2026-09-11T15:15+02:00,Cullera San Antonio,2.6,182,8.4
2026-09-11T15:29+02:00,Cullera Marenyet,7.0,127,8.4
2026-09-11T15:30+02:00,Cullera Faro,7.0,124,8.4
2026-09-11T15:30+02:00,Cullera San Antonio,3.5,130,8.4
2026-09-11T15:34+02:00,Cullera Marenyet,7.0,136,8.4
2026-09-11T15:35+02:00,Cullera San Antonio,4.3,153,8.4
2026-09-11T15:54+02:00,Cullera Marenyet,12.1,80,8.4
2026-09-11T15:40+02:00,Cullera Faro,6.1,119,8.4
2026-09-11T15:55+02:00,Cullera San Antonio,6.1,129,8.4
2026-09-11T16:08+02:00,Cullera Marenyet,7.0,108,10.2
2026-09-11T16:00+02:00,Cullera Faro,3.5,58,10.2
2026-09-11T16:10+02:00,Cullera San Antonio,6.1,139,10.2
2026-09-11T16:24+02:00,Cullera Marenyet,7.8,115,10.2
2026-09-11T16:10+02:00,Cullera Faro,12.1,138,10.2
2026-09-11T16:25+02:00,Cullera San Antonio,5.2,121,10.2
2026-09-11T16:38+02:00,Cullera Marenyet,7.0,121,10.2
2026-09-11T16:30+02:00,Cullera Faro,4.3,194,10.2
2026-09-11T16:40+02:00,Cullera San Antonio,5.2,153,10.2
2026-09-11T16:54+02:00,Cullera Marenyet,11.3,127,10.2
2026-09-11T16:40+02:00,Cullera Faro,7.8,130,10.2
2026-09-11T16:55+02:00,Cullera San Antonio,6.1,9,10.2
2026-09-11T17:09+02:00,Cullera Marenyet,13.0,109,10.6
2026-09-11T17:00+02:00,Cullera Faro,8.7,121,10.6
2026-09-11T17:05+02:00,Cullera San Antonio,6.1,106,10.6
2026-09-11T17:24+02:00,Cullera Marenyet,13.9,97,10.6
2026-09-11T17:20+02:00,Cullera Faro,5.2,113,10.6
2026-09-11T17:16+02:00,Cullera San Antonio,7.0,141,10.6
2026-09-11T17:39+02:00,Cullera Marenyet,13.9,100,10.6
2026-09-11T17:30+02:00,Cullera Faro,16.5,142,10.6
2026-09-11T17:40+02:00,Cullera San Antonio,4.3,236,10.6
2026-09-11T17:54+02:00,Cullera Marenyet,14.8,117,10.4
2026-09-11T17:40+02:00,Cullera Faro,7.8,88,10.4
2026-09-11T17:55+02:00,Cullera San Antonio,3.5,100,10.4
2026-09-11T18:08+02:00,Cullera Marenyet,14.8,109,13.3
2026-09-11T18:00+02:00,Cullera Faro,7.0,113,13.3
2026-09-11T18:10+02:00,Cullera San Antonio,3.5,106,13.3
2026-09-11T18:24+02:00,Cullera Marenyet,9.6,119,13.3
2026-09-11T18:20+02:00,Cullera Faro,9.6,211,13.3
2026-09-11T18:25+02:00,Cullera San Antonio,3.5,115,13.3
2026-09-11T18:39+02:00,Cullera Marenyet,9.6,130,13.3
2026-09-11T18:30+02:00,Cullera Faro,7.8,127,13.3
2026-09-11T18:40+02:00,Cullera San Antonio,2.6,277,13.3
2026-09-11T18:54+02:00,Cullera Marenyet,12.1,131,13.9
2026-09-11T18:50+02:00,Cullera Faro,4.3,211,13.9
2026-09-11T18:55+02:00,Cullera San Antonio,1.7,136,13.9
2026-09-11T19:09+02:00,Cullera Marenyet,13.9,110,13.9
2026-09-11T19:00+02:00,Cullera Faro,4.3,289,13.9
2026-09-11T19:10+02:00,Cullera San Antonio,3.5,231,13.9
2026-09-11T19:13+02:00,Cullera Marenyet,13.0,153,13.9
2026-09-11T19:20+02:00,Cullera Faro,10.4,105,13.9
2026-09-11T19:15+02:00,Cullera San Antonio,2.6,236,13.9
2026-09-11T19:29+02:00,Cullera Marenyet,8.7,131,13.9
2026-09-11T19:30+02:00,Cullera Faro,6.1,117,13.9
2026-09-11T19:30+02:00,Cullera San Antonio,2.6,162,13.9
2026-09-11T19:44+02:00,Cullera Marenyet,9.6,146,13.9
2026-09-11T19:50+02:00,Cullera Faro,4.3,205,13.9
2026-09-11T19:45+02:00,Cullera San Antonio,4.3,246,13.9
2026-09-11T19:59+02:00,Cullera Marenyet,5.2,120,14.4
2026-09-11T20:00+02:00,Cullera Faro,12.1,360,14.4
2026-09-11T20:00+02:00,Cullera San Antonio,4.3,195,14.4
2026-09-11T20:14+02:00,Cullera Marenyet,12.1,135,14.4
2026-09-11T20:10+02:00,Cullera Faro,6.1,360,14.4
2026-09-11T20:15+02:00,Cullera San Antonio,3.5,244,14.4
2026-09-11T20:29+02:00,Cullera Marenyet,8.7,114,14.4
2026-09-11T20:30+02:00,Cullera Faro,3.5,244,14.4
2026-09-11T20:30+02:00,Cullera San Antonio,2.6,225,14.4
2026-09-11T20:44+02:00,Cullera Marenyet,8.7,146,14.4
2026-09-11T20:40+02:00,Cullera Faro,3.5,264,14.4
2026-09-11T20:45+02:00,Cullera San Antonio,1.7,174,14.4
2026-09-11T20:59+02:00,Cullera Marenyet,8.7,124,
2026-09-11T21:00+02:00,Cullera Faro,5.2,360,
2026-09-11T21:00+02:00,Cullera San Antonio,2.6,178,
2026-09-11T21:14+02:00,Cullera Marenyet,9.6,99,13.5
2026-09-11T21:20+02:00,Cullera Faro,2.6,99,13.5
2026-09-11T21:15+02:00,Cullera San Antonio,2.6,114,13.5
2026-09-11T21:29+02:00,Cullera Marenyet,9.6,117,13.5
2026-09-11T21:30+02:00,Cullera Faro,5.2,117,13.5
2026-09-11T21:30+02:00,Cullera San Antonio,1.7,140,13.5
2026-09-11T21:44+02:00,Cullera Marenyet,7.8,139,13.5
2026-09-11T21:50+02:00,Cullera Faro,0.9,360,13.5
2026-09-11T21:45+02:00,Cullera San Antonio,1.7,78,13.5
2026-09-11T21:49+02:00,Cullera Marenyet,7.0,85,13.5
2026-09-11T21:50+02:00,Cullera San Antonio,1.7,329,13.5
2026-09-11T22:04+02:00,Cullera Marenyet,6.1,108,9.5
2026-09-11T22:00+02:00,Cullera Faro,4.3,254,9.5
2026-09-11T22:05+02:00,Cullera San Antonio,1.7,185,9.5
2026-09-12T10:54+02:00,Cullera Marenyet,1.7,256,1.5
2026-09-12T10:40+02:00,Cullera Faro,1.7,271,1.5
2026-09-12T10:55+02:00,Cullera San Antonio,0.9,246,1.5
2026-09-12T11:09+02:00,Cullera Marenyet,0.9,64,1.5
2026-09-12T11:00+02:00,Cullera Faro,0.9,271,1.5
2026-09-12T11:10+02:00,Cullera San Antonio,0.0,117,1.5
2026-09-12T11:24+02:00,Cullera Marenyet,2.6,53,1.5
2026-09-12T11:10+02:00,Cullera Faro,3.5,82,1.5
2026-09-12T11:25+02:00,Cullera San Antonio,1.7,70,1.5
2026-09-12T11:39+02:00,Cullera Marenyet,4.3,61,1.5
2026-09-12T11:30+02:00,Cullera Faro,3.5,110,1.5
2026-09-12T11:40+02:00,Cullera San Antonio,1.7,59,1.5
2026-09-12T11:54+02:00,Cullera Marenyet,6.1,58,4.1
2026-09-12T11:40+02:00,Cullera Faro,0.9,62,4.1
2026-09-12T11:55+02:00,Cullera San Antonio,2.6,162,4.1
2026-09-12T12:09+02:00,Cullera Marenyet,4.3,65,4.1
2026-09-12T12:00+02:00,Cullera Faro,4.3,60,4.1
2026-09-12T12:10+02:00,Cullera San Antonio,3.5,92,4.1
2026-09-12T12:24+02:00,Cullera Marenyet,4.3,105,4.1
2026-09-12T12:10+02:00,Cullera Faro,5.2,88,4.1
2026-09-12T12:25+02:00,Cullera San Antonio,3.5,100,4.1
2026-09-12T12:39+02:00,Cullera Marenyet,3.5,97,4.1
2026-09-12T12:30+02:00,Cullera Faro,4.3,78,4.1
2026-09-12T12:40+02:00,Cullera San Antonio,3.5,168,4.1
2026-09-12T12:54+02:00,Cullera Marenyet,2.6,75,5.7
2026-09-12T12:40+02:00,Cullera Faro,1.7,90,5.7
2026-09-12T12:55+02:00,Cullera San Antonio,3.5,121,5.7
2026-09-12T13:09+02:00,Cullera Marenyet,2.6,86,6.8
2026-09-12T13:00+02:00,Cullera Faro,5.2,360,6.8
2026-09-12T13:10+02:00,Cullera San Antonio,2.6,105,6.8
2026-09-12T13:23+02:00,Cullera Marenyet,4.3,104,6.8
2026-09-12T13:20+02:00,Cullera Faro,5.2,90,6.8
2026-09-12T13:25+02:00,Cullera San Antonio,4.3,111,6.8
2026-09-12T13:38+02:00,Cullera Marenyet,5.2,89,6.8
2026-09-12T13:30+02:00,Cullera Faro,5.2,104,6.8
2026-09-12T13:40+02:00,Cullera San Antonio,3.5,151,6.8
2026-09-12T13:54+02:00,Cullera Marenyet,5.2,105,5.5
2026-09-12T13:50+02:00,Cullera Faro,7.0,98,5.5
2026-09-12T13:55+02:00,Cullera San Antonio,3.5,131,5.5
2026-09-12T14:08+02:00,Cullera Marenyet,7.0,119,5.5
2026-09-12T14:00+02:00,Cullera Faro,5.2,360,5.5
2026-09-12T14:10+02:00,Cullera San Antonio,3.5,90,5.5
2026-09-12T14:24+02:00,Cullera Marenyet,5.2,101,5.5
2026-09-12T14:20+02:00,Cullera Faro,4.3,104,5.5
2026-09-12T14:25+02:00,Cullera San Antonio,4.3,122,5.5
2026-09-12T14:38+02:00,Cullera Marenyet,3.5,115,5.5
2026-09-12T14:30+02:00,Cullera Faro,3.5,121,5.5
2026-09-12T14:40+02:00,Cullera San Antonio,4.3,111,5.5
2026-09-12T14:44+02:00,Cullera Marenyet,6.1,115,5.5
2026-09-12T14:50+02:00,Cullera Faro,7.0,360,5.5
2026-09-12T14:45+02:00,Cullera San Antonio,3.5,100,5.5
2026-09-12T14:59+02:00,Cullera Marenyet,6.1,84,6.9
2026-09-12T15:00+02:00,Cullera Faro,3.5,148,6.9
2026-09-12T15:00+02:00,Cullera San Antonio,4.3,177,6.9
2026-09-12T15:13+02:00,Cullera Marenyet,7.0,103,7.3
2026-09-12T15:10+02:00,Cullera Faro,6.1,120,7.3
2026-09-12T15:15+02:00,Cullera San Antonio,5.2,51,7.3
2026-09-12T15:29+02:00,Cullera Marenyet,5.2,105,7.3
2026-09-12T15:30+02:00,Cullera Faro,7.0,360,7.3
2026-09-12T15:30+02:00,Cullera San Antonio,4.3,104,7.3
2026-09-12T15:44+02:00,Cullera Marenyet,8.7,79,7.3
2026-09-12T15:40+02:00,Cullera Faro,6.1,182,7.3
2026-09-12T15:45+02:00,Cullera San Antonio,2.6,83,7.3
2026-09-12T16:13+02:00,Cullera Marenyet,6.1,121,8.0
2026-09-12T16:10+02:00,Cullera Faro,4.3,149,8.0
2026-09-12T16:15+02:00,Cullera San Antonio,3.5,122,8.0
2026-09-12T16:29+02:00,Cullera Marenyet,10.4,86,8.0
2026-09-12T16:30+02:00,Cullera Faro,5.2,171,8.0
2026-09-12T16:30+02:00,Cullera San Antonio,4.3,86,8.0
2026-09-12T16:44+02:00,Cullera Marenyet,8.7,59,8.0
2026-09-12T16:40+02:00,Cullera Faro,4.3,105,8.0
2026-09-12T16:45+02:00,Cullera San Antonio,4.3,94,8.0
2026-09-12T16:59+02:00,Cullera Marenyet,7.0,94,8.0
2026-09-12T17:00+02:00,Cullera Faro,6.1,113,8.0
2026-09-12T17:00+02:00,Cullera San Antonio,6.1,112,8.0
2026-09-12T17:14+02:00,Cullera Marenyet,9.6,101,8.0
2026-09-12T17:10+02:00,Cullera Faro,5.2,360,8.0
2026-09-12T17:15+02:00,Cullera San Antonio,5.2,109,8.0
2026-09-12T17:28+02:00,Cullera Marenyet,8.7,97,8.0
2026-09-12T17:30+02:00,Cullera Faro,3.5,42,8.0
2026-09-12T17:30+02:00,Cullera San Antonio,4.3,219,8.0
2026-09-12T17:43+02:00,Cullera Marenyet,8.7,88,8.0
2026-09-12T17:40+02:00,Cullera Faro,3.5,183,8.0
2026-09-12T17:45+02:00,Cullera San Antonio,4.3,128,8.0
2026-09-12T17:54+02:00,Cullera Marenyet,8.7,84,8.0
2026-09-12T17:55+02:00,Cullera San Antonio,2.6,111,8.0
2026-09-12T18:09+02:00,Cullera Marenyet,7.8,113,8.2
2026-09-12T18:00+02:00,Cullera Faro,6.1,360,8.2
2026-09-12T18:10+02:00,Cullera San Antonio,4.3,82,8.2
2026-09-12T18:24+02:00,Cullera Marenyet,8.7,98,8.2
2026-09-12T18:10+02:00,Cullera Faro,7.0,120,8.2
2026-09-12T18:25+02:00,Cullera San Antonio,2.6,144,8.2
2026-09-12T18:39+02:00,Cullera Marenyet,6.1,110,8.2
2026-09-12T18:30+02:00,Cullera Faro,6.1,138,8.2
2026-09-12T18:40+02:00,Cullera San Antonio,5.2,168,8.2
2026-09-12T18:53+02:00,Cullera Marenyet,7.8,112,
2026-09-12T18:40+02:00,Cullera Faro,8.7,169,
2026-09-12T18:55+02:00,Cullera San Antonio,4.3,115,
2026-09-12T19:09+02:00,Cullera Marenyet,5.2,118,8.4
2026-09-12T19:00+02:00,Cullera Faro,6.1,360,8.4
2026-09-12T19:10+02:00,Cullera San Antonio,4.3,308,8.4
2026-09-12T19:23+02:00,Cullera Marenyet,8.7,110,8.4
2026-09-12T19:10+02:00,Cullera Faro,3.5,125,8.4
2026-09-12T19:25+02:00,Cullera San Antonio,4.3,132,8.4
2026-09-12T19:38+02:00,Cullera Marenyet,8.7,105,8.4
2026-09-12T19:30+02:00,Cullera Faro,3.5,271,8.4
2026-09-12T19:40+02:00,Cullera San Antonio,4.3,106,8.4
2026-09-12T19:54+02:00,Cullera Marenyet,6.1,120,7.6
2026-09-12T19:40+02:00,Cullera Faro,5.2,148,7.6
2026-09-12T19:55+02:00,Cullera San Antonio,2.6,173,7.6
2026-09-12T20:08+02:00,Cullera Marenyet,5.2,127,7.6
2026-09-12T20:00+02:00,Cullera Faro,1.7,129,7.6
2026-09-12T20:10+02:00,Cullera San Antonio,2.6,69,7.6
2026-09-12T20:24+02:00,Cullera Marenyet,5.2,144,7.6
2026-09-12T20:10+02:00,Cullera Faro,5.2,117,7.6
2026-09-12T20:25+02:00,Cullera San Antonio,2.6,174,7.6
2026-09-12T20:39+02:00,Cullera Marenyet,7.8,105,7.6
2026-09-12T20:30+02:00,Cullera Faro,0.9,216,7.6
2026-09-12T20:40+02:00,Cullera San Antonio,0.9,186,7.6
2026-09-12T20:54+02:00,Cullera Marenyet,7.0,106,7.9
2026-09-12T20:40+02:00,Cullera Faro,3.5,119,7.9
2026-09-12T20:55+02:00,Cullera San Antonio,2.6,107,7.9
2026-09-12T21:14+02:00,Cullera Marenyet,7.8,117,7.9
2026-09-12T21:10+02:00,Cullera Faro,0.0,360,7.9
2026-09-12T21:15+02:00,Cullera San Antonio,3.5,228,7.9
2026-09-12T21:29+02:00,Cullera Marenyet,6.1,113,7.9
2026-09-12T21:30+02:00,Cullera Faro,5.2,96,7.9
2026-09-12T21:30+02:00,Cullera San Antonio,3.5,153,7.9
2026-09-12T21:39+02:00,Cullera Marenyet,7.0,114,7.9
2026-09-12T21:40+02:00,Cullera San Antonio,1.7,122,7.9
2026-09-12T21:53+02:00,Cullera Marenyet,7.8,97,8.5
2026-09-12T21:40+02:00,Cullera Faro,1.7,293,8.5
2026-09-12T21:55+02:00,Cullera San Antonio,2.6,129,8.5
2026-09-12T22:39+02:00,Cullera Marenyet,7.8,76,8.5
2026-09-12T22:30+02:00,Cullera Faro,7.8,360,8.5
2026-09-12T22:40+02:00,Cullera San Antonio,2.6,141,8.5
2026-09-13T11:54+02:00,Cullera Marenyet,4.3,40,4.3
2026-09-13T11:40+02:00,Cullera Faro,4.3,30,4.3
2026-09-13T11:55+02:00,Cullera San Antonio,2.6,109,4.3
2026-09-13T12:08+02:00,Cullera Marenyet,4.3,57,1.8
2026-09-13T12:00+02:00,Cullera Faro,4.3,41,1.8
2026-09-13T12:10+02:00,Cullera San Antonio,4.3,118,1.8
2026-09-13T12:24+02:00,Cullera Marenyet,6.1,67,1.8
2026-09-13T12:10+02:00,Cullera Faro,4.3,57,1.8
2026-09-13T12:25+02:00,Cullera San Antonio,2.6,17,1.8
2026-09-13T12:38+02:00,Cullera Marenyet,6.1,61,1.8
2026-09-13T12:30+02:00,Cullera Faro,6.1,74,1.8
2026-09-13T12:40+02:00,Cullera San Antonio,2.6,88,1.8
2026-09-13T12:54+02:00,Cullera Marenyet,7.0,86,6.5
2026-09-13T12:40+02:00,Cullera Faro,6.1,75,6.5
2026-09-13T12:55+02:00,Cullera San Antonio,4.3,78,6.5
2026-09-13T13:09+02:00,Cullera Marenyet,6.1,79,5.1
2026-09-13T13:00+02:00,Cullera Faro,5.2,113,5.1
2026-09-13T13:10+02:00,Cullera San Antonio,4.3,42,5.1
2026-09-13T13:24+02:00,Cullera Marenyet,7.0,84,5.1
2026-09-13T13:10+02:00,Cullera Faro,7.0,360,5.1
2026-09-13T13:25+02:00,Cullera San Antonio,5.2,94,5.1
2026-09-13T13:39+02:00,Cullera Marenyet,7.8,88,5.1
2026-09-13T13:30+02:00,Cullera Faro,3.5,120,5.1
2026-09-13T13:40+02:00,Cullera San Antonio,6.1,103,5.1
2026-09-13T13:53+02:00,Cullera Marenyet,8.7,106,8.9
2026-09-13T13:40+02:00,Cullera Faro,8.7,104,8.9
2026-09-13T13:55+02:00,Cullera San Antonio,7.0,89,8.9
2026-09-13T14:08+02:00,Cullera Marenyet,10.4,91,8.9
2026-09-13T14:00+02:00,Cullera Faro,7.8,128,8.9
2026-09-13T14:10+02:00,Cullera San Antonio,5.2,100,8.9
2026-09-13T14:24+02:00,Cullera Marenyet,8.7,110,8.9
2026-09-13T14:10+02:00,Cullera Faro,6.1,126,8.9
2026-09-13T14:25+02:00,Cullera San Antonio,1.7,38,8.9
2026-09-13T14:39+02:00,Cullera Marenyet,7.8,79,8.9
2026-09-13T14:30+02:00,Cullera Faro,7.8,113,8.9
2026-09-13T14:40+02:00,Cullera San Antonio,2.6,91,8.9
2026-09-13T14:54+02:00,Cullera Marenyet,9.6,133,8.5
2026-09-13T14:40+02:00,Cullera Faro,7.0,360,8.5
2026-09-13T14:55+02:00,Cullera San Antonio,4.3,137,8.5
2026-09-13T15:09+02:00,Cullera Marenyet,9.6,100,8.4
2026-09-13T15:00+02:00,Cullera Faro,1.7,355,8.4
2026-09-13T15:10+02:00,Cullera San Antonio,5.2,123,8.4
2026-09-13T15:23+02:00,Cullera Marenyet,7.8,128,8.4
2026-09-13T15:10+02:00,Cullera Faro,7.8,142,8.4
2026-09-13T15:25+02:00,Cullera San Antonio,5.2,152,8.4
2026-09-13T15:39+02:00,Cullera Marenyet,10.4,103,8.4
2026-09-13T15:30+02:00,Cullera Faro,7.8,360,8.4
2026-09-13T15:40+02:00,Cullera San Antonio,4.3,138,8.4
2026-09-13T15:54+02:00,Cullera Marenyet,7.0,113,8.8
2026-09-13T15:40+02:00,Cullera Faro,3.5,224,8.8
2026-09-13T15:55+02:00,Cullera San Antonio,5.2,86,8.8
2026-09-13T16:09+02:00,Cullera Marenyet,8.7,116,8.8
2026-09-13T16:00+02:00,Cullera Faro,4.3,82,8.8
2026-09-13T16:10+02:00,Cullera San Antonio,5.2,124,8.8
2026-09-13T16:24+02:00,Cullera Marenyet,9.6,115,8.8
2026-09-13T16:10+02:00,Cullera Faro,3.5,78,8.8
2026-09-13T16:25+02:00,Cullera San Antonio,5.2,133,8.8
2026-09-13T16:39+02:00,Cullera Marenyet,7.8,102,8.8
2026-09-13T16:30+02:00,Cullera Faro,3.5,88,8.8
2026-09-13T16:40+02:00,Cullera San Antonio,6.1,127,8.8
2026-09-13T16:53+02:00,Cullera Marenyet,7.8,108,8.8
2026-09-13T16:50+02:00,Cullera Faro,7.0,149,8.8
2026-09-13T16:55+02:00,Cullera San Antonio,6.1,130,8.8
2026-09-13T17:09+02:00,Cullera Marenyet,7.0,108,10.2
2026-09-13T17:00+02:00,Cullera Faro,7.0,360,10.2
2026-09-13T17:10+02:00,Cullera San Antonio,6.1,117,10.2
2026-09-13T17:24+02:00,Cullera Marenyet,7.0,131,10.2
2026-09-13T17:10+02:00,Cullera Faro,5.2,83,10.2
2026-09-13T17:25+02:00,Cullera San Antonio,3.5,109,10.2
2026-09-13T17:39+02:00,Cullera Marenyet,8.7,104,10.2
2026-09-13T17:30+02:00,Cullera Faro,4.3,136,10.2
2026-09-13T17:40+02:00,Cullera San Antonio,2.6,136,10.2
2026-09-13T17:54+02:00,Cullera Marenyet,9.6,124,10.1
2026-09-13T17:40+02:00,Cullera Faro,3.5,232,10.1
2026-09-13T17:55+02:00,Cullera San Antonio,2.6,162,10.1
2026-09-13T18:09+02:00,Cullera Marenyet,6.1,113,10.1
2026-09-13T18:00+02:00,Cullera Faro,7.8,130,10.1
2026-09-13T18:10+02:00,Cullera San Antonio,4.3,161,10.1
2026-09-13T18:24+02:00,Cullera Marenyet,7.0,120,10.1
2026-09-13T18:10+02:00,Cullera Faro,5.2,24,10.1
2026-09-13T18:25+02:00,Cullera San Antonio,4.3,113,10.1
2026-09-13T18:38+02:00,Cullera Marenyet,6.1,136,10.1
2026-09-13T18:30+02:00,Cullera Faro,7.8,27,10.1
2026-09-13T18:40+02:00,Cullera San Antonio,2.6,144,10.1
2026-09-13T18:54+02:00,Cullera Marenyet,6.1,117,12.4
2026-09-13T18:40+02:00,Cullera Faro,3.5,294,12.4
2026-09-13T18:55+02:00,Cullera San Antonio,3.5,115,12.4
2026-09-13T19:09+02:00,Cullera Marenyet,7.0,105,12.4
2026-09-13T19:00+02:00,Cullera Faro,5.2,215,12.4
2026-09-13T19:10+02:00,Cullera San Antonio,2.6,107,12.4
2026-09-13T19:19+02:00,Cullera Marenyet,5.2,112,12.4
2026-09-13T19:10+02:00,Cullera Faro,3.5,226,12.4
2026-09-13T19:20+02:00,Cullera San Antonio,3.5,167,12.4
2026-09-13T19:33+02:00,Cullera Marenyet,7.8,106,12.4
2026-09-13T19:30+02:00,Cullera Faro,3.5,211,12.4
2026-09-13T19:35+02:00,Cullera San Antonio,2.6,16,12.4
2026-09-13T19:49+02:00,Cullera Marenyet,8.7,129,12.4
2026-09-13T19:40+02:00,Cullera Faro,7.0,130,12.4
2026-09-13T19:50+02:00,Cullera San Antonio,2.6,146,12.4
2026-09-13T20:04+02:00,Cullera Marenyet,8.7,126,12.6
2026-09-13T20:00+02:00,Cullera Faro,5.2,274,12.6
2026-09-13T20:05+02:00,Cullera San Antonio,1.7,19,12.6
2026-09-13T20:18+02:00,Cullera Marenyet,6.1,116,12.6
2026-09-13T20:10+02:00,Cullera Faro,5.2,350,12.6
2026-09-13T20:20+02:00,Cullera San Antonio,0.9,114,12.6
2026-09-13T20:34+02:00,Cullera Marenyet,7.0,115,12.6
2026-09-13T20:30+02:00,Cullera Faro,7.0,360,12.6
2026-09-13T20:35+02:00,Cullera San Antonio,1.7,101,12.6
2026-09-13T20:44+02:00,Cullera Marenyet,7.8,122,12.6
2026-09-13T20:40+02:00,Cullera Faro,0.9,110,12.6
2026-09-13T20:50+02:00,Cullera San Antonio,1.7,247,12.6
2026-09-13T21:04+02:00,Cullera Marenyet,6.1,134,10.4
2026-09-13T21:00+02:00,Cullera Faro,4.3,360,10.4
2026-09-13T21:05+02:00,Cullera San Antonio,1.7,133,10.4
2026-09-13T21:08+02:00,Cullera Marenyet,6.1,139,10.4
2026-09-13T21:10+02:00,Cullera Faro,2.6,148,10.4
2026-09-13T21:20+02:00,Cullera San Antonio,2.6,129,10.4
2026-09-13T21:34+02:00,Cullera Marenyet,8.7,115,10.4
2026-09-13T21:30+02:00,Cullera Faro,8.7,109,10.4
2026-09-13T21:35+02:00,Cullera San Antonio,2.6,236,10.4
2026-09-13T21:49+02:00,Cullera Marenyet,10.4,129,10.4
2026-09-13T21:40+02:00,Cullera Faro,7.0,360,10.4
2026-09-13T21:50+02:00,Cullera San Antonio,3.5,87,10.4
2026-09-13T22:04+02:00,Cullera Marenyet,6.1,119,8.7
2026-09-13T22:00+02:00,Cullera Faro,6.1,360,8.7
2026-09-13T22:05+02:00,Cullera San Antonio,2.6,58,8.7
2026-09-13T23:34+02:00,Cullera Marenyet,3.5,99,7.2
2026-09-13T23:30+02:00,Cullera Faro,4.3,173,7.2
2026-09-13T23:35+02:00,Cullera San Antonio,1.7,269,7.2
2026-09-14T12:14+02:00,Cullera Marenyet,6.1,84,4.8
2026-09-14T12:10+02:00,Cullera Faro,0.9,219,4.8
2026-09-14T12:10+02:00,Cullera San Antonio,2.6,171,4.8
2026-09-14T12:29+02:00,Cullera Marenyet,4.3,110,4.8
2026-09-14T12:30+02:00,Cullera Faro,0.0,234,4.8
2026-09-14T12:25+02:00,Cullera San Antonio,3.5,101,4.8
2026-09-14T12:44+02:00,Cullera Marenyet,3.5,129,4.8
2026-09-14T12:40+02:00,Cullera Faro,2.6,90,4.8
2026-09-14T12:40+02:00,Cullera San Antonio,3.5,86,4.8
2026-09-14T12:59+02:00,Cullera Marenyet,6.1,115,6.1
2026-09-14T13:00+02:00,Cullera Faro,1.7,257,6.1
2026-09-14T12:55+02:00,Cullera San Antonio,3.5,134,6.1
2026-09-14T13:14+02:00,Cullera Marenyet,5.2,110,5.6
2026-09-14T13:10+02:00,Cullera Faro,3.5,67,5.6
2026-09-14T13:10+02:00,Cullera San Antonio,5.2,116,5.6
2026-09-14T13:29+02:00,Cullera Marenyet,7.0,103,5.6
2026-09-14T13:30+02:00,Cullera Faro,6.1,133,5.6
2026-09-14T13:25+02:00,Cullera San Antonio,4.3,124,5.6
2026-09-14T13:44+02:00,Cullera Marenyet,7.8,97,5.6
2026-09-14T13:40+02:00,Cullera Faro,6.1,185,5.6
2026-09-14T13:40+02:00,Cullera San Antonio,1.7,175,5.6
2026-09-14T13:59+02:00,Cullera Marenyet,6.1,86,7.5
2026-09-14T14:00+02:00,Cullera Faro,4.3,125,7.5
2026-09-14T14:00+02:00,Cullera San Antonio,1.7,80,7.5
2026-09-14T14:14+02:00,Cullera Marenyet,8.7,101,7.5
2026-09-14T14:10+02:00,Cullera Faro,1.7,130,7.5
2026-09-14T14:10+02:00,Cullera San Antonio,1.7,82,7.5
2026-09-14T14:29+02:00,Cullera Marenyet,4.3,113,7.5
2026-09-14T14:30+02:00,Cullera Faro,0.9,293,7.5
2026-09-14T14:25+02:00,Cullera San Antonio,2.6,82,7.5
2026-09-14T14:44+02:00,Cullera Marenyet,7.8,113,7.5
2026-09-14T14:40+02:00,Cullera Faro,0.9,278,7.5
2026-09-14T14:40+02:00,Cullera San Antonio,4.3,110,7.5
2026-09-14T14:59+02:00,Cullera Marenyet,8.7,74,9.2
2026-09-14T15:00+02:00,Cullera Faro,3.5,149,9.2
2026-09-14T14:55+02:00,Cullera San Antonio,4.3,117,9.2
2026-09-14T15:14+02:00,Cullera Marenyet,7.8,82,8.7
2026-09-14T15:10+02:00,Cullera Faro,4.3,88,8.7
2026-09-14T15:10+02:00,Cullera San Antonio,4.3,90,8.7
2026-09-14T15:29+02:00,Cullera Marenyet,8.7,123,8.7
2026-09-14T15:30+02:00,Cullera Faro,5.2,170,8.7
2026-09-14T15:25+02:00,Cullera San Antonio,5.2,171,8.7
2026-09-14T15:44+02:00,Cullera Marenyet,9.6,108,8.7
2026-09-14T15:40+02:00,Cullera Faro,4.3,360,8.7
2026-09-14T15:40+02:00,Cullera San Antonio,3.5,163,8.7
2026-09-14T15:59+02:00,Cullera Marenyet,9.6,115,10.1
2026-09-14T16:00+02:00,Cullera Faro,4.3,182,10.1
2026-09-14T16:00+02:00,Cullera San Antonio,1.7,360,10.1
2026-09-14T16:14+02:00,Cullera Marenyet,7.8,137,10.1
2026-09-14T16:10+02:00,Cullera Faro,8.7,83,10.1
2026-09-14T16:15+02:00,Cullera San Antonio,3.5,158,10.1
2026-09-14T16:29+02:00,Cullera Marenyet,10.4,98,10.1
2026-09-14T16:30+02:00,Cullera Faro,4.3,138,10.1
2026-09-14T16:30+02:00,Cullera San Antonio,4.3,155,10.1
2026-09-14T16:44+02:00,Cullera Marenyet,7.0,121,10.1
2026-09-14T16:40+02:00,Cullera Faro,3.5,160,10.1
2026-09-14T16:45+02:00,Cullera San Antonio,4.3,188,10.1
2026-09-14T16:59+02:00,Cullera Marenyet,9.6,131,10.3
2026-09-14T17:00+02:00,Cullera Faro,5.2,171,10.3
2026-09-14T17:00+02:00,Cullera San Antonio,4.3,158,10.3
2026-09-14T17:14+02:00,Cullera Marenyet,9.6,150,10.3
2026-09-14T17:10+02:00,Cullera Faro,5.2,173,10.3
2026-09-14T17:10+02:00,Cullera San Antonio,5.2,170,10.3
2026-09-14T17:29+02:00,Cullera Marenyet,9.6,132,10.3
2026-09-14T17:30+02:00,Cullera Faro,4.3,331,10.3
2026-09-14T17:25+02:00,Cullera San Antonio,3.5,242,10.3
2026-09-14T17:44+02:00,Cullera Marenyet,9.6,140,10.3
2026-09-14T17:40+02:00,Cullera Faro,5.2,143,10.3
2026-09-14T17:40+02:00,Cullera San Antonio,4.3,99,10.3
2026-09-14T17:59+02:00,Cullera Marenyet,7.8,110,10.7
2026-09-14T18:00+02:00,Cullera Faro,2.6,154,10.7
2026-09-14T17:55+02:00,Cullera San Antonio,4.3,196,10.7
2026-09-14T18:19+02:00,Cullera Marenyet,8.7,144,10.7
2026-09-14T18:20+02:00,Cullera Faro,7.0,122,10.7
2026-09-14T18:20+02:00,Cullera San Antonio,2.6,176,10.7
2026-09-14T18:34+02:00,Cullera Marenyet,9.6,131,10.7
2026-09-14T18:30+02:00,Cullera Faro,4.3,265,10.7
2026-09-14T18:30+02:00,Cullera San Antonio,3.5,165,10.7
2026-09-14T18:49+02:00,Cullera Marenyet,8.7,167,10.7
2026-09-14T18:40+02:00,Cullera Faro,0.9,235,10.7
2026-09-14T18:50+02:00,Cullera San Antonio,3.5,192,10.7
2026-09-14T19:04+02:00,Cullera Marenyet,5.2,168,9.9
2026-09-14T19:00+02:00,Cullera Faro,4.3,106,9.9
2026-09-14T19:00+02:00,Cullera San Antonio,3.5,176,9.9
2026-09-14T19:19+02:00,Cullera Marenyet,4.3,131,9.9
2026-09-14T19:10+02:00,Cullera Faro,3.5,360,9.9
2026-09-14T19:20+02:00,Cullera San Antonio,0.9,170,9.9
2026-09-14T19:34+02:00,Cullera Marenyet,7.8,125,9.9
2026-09-14T19:30+02:00,Cullera Faro,2.6,69,9.9
2026-09-14T19:31+02:00,Cullera San Antonio,0.9,111,9.9
2026-09-14T19:49+02:00,Cullera Marenyet,5.2,146,9.9
2026-09-14T19:40+02:00,Cullera Faro,0.9,136,9.9
2026-09-14T19:45+02:00,Cullera San Antonio,1.7,183,9.9
2026-09-14T20:04+02:00,Cullera Marenyet,4.3,128,10.2
2026-09-14T20:00+02:00,Cullera Faro,0.9,196,10.2
2026-09-14T20:00+02:00,Cullera San Antonio,0.9,122,10.2
2026-09-14T20:19+02:00,Cullera Marenyet,4.3,160,10.2
2026-09-14T20:10+02:00,Cullera Faro,0.9,132,10.2
2026-09-14T20:20+02:00,Cullera San Antonio,0.9,236,10.2
2026-09-14T20:34+02:00,Cullera Marenyet,2.6,127,10.2
2026-09-14T20:30+02:00,Cullera Faro,0.9,59,10.2
2026-09-14T20:35+02:00,Cullera San Antonio,1.7,167,10.2
2026-09-14T20:54+02:00,Cullera Marenyet,5.2,144,8.6
2026-09-14T20:40+02:00,Cullera Faro,0.9,122,8.6
2026-09-14T20:50+02:00,Cullera San Antonio,1.7,178,8.6
2026-09-14T21:09+02:00,Cullera Marenyet,4.3,119,8.3
2026-09-14T21:00+02:00,Cullera Faro,4.3,360,8.3
2026-09-14T21:06+02:00,Cullera San Antonio,2.6,129,8.3
2026-09-14T21:24+02:00,Cullera Marenyet,3.5,158,8.3
2026-09-14T21:10+02:00,Cullera Faro,0.9,232,8.3
2026-09-14T21:21+02:00,Cullera San Antonio,1.7,141,8.3
2026-09-14T21:39+02:00,Cullera Marenyet,4.3,157,8.3
2026-09-14T21:30+02:00,Cullera Faro,3.5,360,8.3
2026-09-14T21:35+02:00,Cullera San Antonio,0.9,136,8.3
2026-09-14T21:54+02:00,Cullera Marenyet,4.3,157,8.3
2026-09-14T21:40+02:00,Cullera Faro,2.6,140,8.3
2026-09-14T21:50+02:00,Cullera San Antonio,0.0,136,8.3
2026-09-14T22:09+02:00,Cullera Marenyet,2.6,133,6.7
2026-09-14T22:00+02:00,Cullera Faro,3.5,360,6.7
2026-09-14T22:05+02:00,Cullera San Antonio,0.9,196,6.7
2026-09-14T22:19+02:00,Cullera Marenyet,2.6,150,6.7
2026-09-14T22:10+02:00,Cullera Faro,3.5,168,6.7
2026-09-14T22:15+02:00,Cullera San Antonio,1.7,67,6.7
2026-09-15T11:39+02:00,Cullera Marenyet,1.7,92,1.7
2026-09-15T11:30+02:00,Cullera Faro,1.7,110,1.7
2026-09-15T11:35+02:00,Cullera San Antonio,1.7,101,1.7
2026-09-15T11:54+02:00,Cullera Marenyet,3.5,80,4.5
2026-09-15T11:40+02:00,Cullera Faro,4.3,74,4.5
2026-09-15T11:50+02:00,Cullera San Antonio,1.7,40,4.5
2026-09-15T12:09+02:00,Cullera Marenyet,3.5,34,4.5
2026-09-15T12:00+02:00,Cullera Faro,0.9,245,4.5
2026-09-15T12:05+02:00,Cullera San Antonio,1.7,100,4.5
2026-09-15T12:24+02:00,Cullera Marenyet,3.5,84,4.5
2026-09-15T12:10+02:00,Cullera Faro,0.9,286,4.5
2026-09-15T12:20+02:00,Cullera San Antonio,2.6,107,4.5
2026-09-15T12:39+02:00,Cullera Marenyet,6.1,113,4.5
2026-09-15T12:30+02:00,Cullera Faro,3.5,115,4.5
2026-09-15T12:35+02:00,Cullera San Antonio,3.5,97,4.5
2026-09-15T12:54+02:00,Cullera Marenyet,4.3,121,6.8
2026-09-15T12:40+02:00,Cullera Faro,3.5,76,6.8
2026-09-15T12:51+02:00,Cullera San Antonio,3.5,81,6.8
2026-09-15T13:09+02:00,Cullera Marenyet,7.0,105,6.9
2026-09-15T13:00+02:00,Cullera Faro,3.5,20,6.9
2026-09-15T13:06+02:00,Cullera San Antonio,2.6,99,6.9
2026-09-15T13:24+02:00,Cullera Marenyet,7.8,104,6.9
2026-09-15T13:10+02:00,Cullera Faro,6.1,360,6.9
2026-09-15T13:25+02:00,Cullera San Antonio,3.5,170,6.9
2026-09-15T13:39+02:00,Cullera Marenyet,8.7,108,6.9
2026-09-15T13:30+02:00,Cullera Faro,0.9,257,6.9
2026-09-15T13:35+02:00,Cullera San Antonio,3.5,126,6.9
2026-09-15T13:54+02:00,Cullera Marenyet,4.3,107,8.4
2026-09-15T13:40+02:00,Cullera Faro,2.6,39,8.4
2026-09-15T13:50+02:00,Cullera San Antonio,5.2,150,8.4
2026-09-15T14:09+02:00,Cullera Marenyet,7.0,115,8.4
2026-09-15T14:00+02:00,Cullera Faro,7.0,360,8.4
2026-09-15T14:05+02:00,Cullera San Antonio,6.1,144,8.4
2026-09-15T14:24+02:00,Cullera Marenyet,5.2,116,8.4
2026-09-15T14:10+02:00,Cullera Faro,4.3,273,8.4
2026-09-15T14:21+02:00,Cullera San Antonio,5.2,109,8.4
2026-09-15T14:39+02:00,Cullera Marenyet,7.8,93,8.4
2026-09-15T14:30+02:00,Cullera Faro,0.9,274,8.4
2026-09-15T14:35+02:00,Cullera San Antonio,2.6,82,8.4
2026-09-15T14:54+02:00,Cullera Marenyet,7.0,134,9.8
2026-09-15T14:40+02:00,Cullera Faro,3.5,246,9.8
2026-09-15T14:51+02:00,Cullera San Antonio,5.2,129,9.8
2026-09-15T15:14+02:00,Cullera Marenyet,7.0,133,9.7
2026-09-15T15:10+02:00,Cullera Faro,3.5,80,9.7
2026-09-15T15:15+02:00,Cullera San Antonio,4.3,146,9.7
2026-09-15T15:29+02:00,Cullera Marenyet,7.8,122,9.7
2026-09-15T15:30+02:00,Cullera Faro,5.2,360,9.7
2026-09-15T15:30+02:00,Cullera San Antonio,2.6,123,9.7
2026-09-15T15:39+02:00,Cullera Marenyet,7.0,123,9.7
2026-09-15T15:40+02:00,Cullera San Antonio,2.6,202,9.7
2026-09-15T15:44+02:00,Cullera Marenyet,8.7,124,9.7
2026-09-15T15:40+02:00,Cullera Faro,7.8,92,9.7
2026-09-15T15:45+02:00,Cullera San Antonio,2.6,150,9.7
2026-09-15T15:59+02:00,Cullera Marenyet,9.6,107,9.7
2026-09-15T16:00+02:00,Cullera Faro,9.6,157,10.8
2026-09-15T16:00+02:00,Cullera San Antonio,5.2,135,10.8
2026-09-15T16:14+02:00,Cullera Marenyet,7.8,130,10.8
2026-09-15T16:10+02:00,Cullera Faro,3.5,360,10.8
2026-09-15T16:15+02:00,Cullera San Antonio,3.5,146,10.8
2026-09-15T16:29+02:00,Cullera Marenyet,7.8,94,10.8
2026-09-15T16:30+02:00,Cullera Faro,7.0,360,10.8
2026-09-15T16:30+02:00,Cullera San Antonio,3.5,70,10.8
2026-09-15T16:34+02:00,Cullera Marenyet,7.0,112,10.8
2026-09-15T16:35+02:00,Cullera San Antonio,2.6,105,10.8
2026-09-15T16:49+02:00,Cullera Marenyet,7.0,101,10.8
2026-09-15T16:40+02:00,Cullera Faro,5.2,360,10.8
2026-09-15T16:50+02:00,Cullera San Antonio,1.7,167,10.8
2026-09-15T17:04+02:00,Cullera Marenyet,4.3,87,11.3
2026-09-15T17:00+02:00,Cullera Faro,1.7,360,11.3
2026-09-15T17:05+02:00,Cullera San Antonio,1.7,167,11.3
2026-09-15T17:19+02:00,Cullera Marenyet,4.3,89,11.3
2026-09-15T17:10+02:00,Cullera Faro,1.7,77,11.3
2026-09-15T17:20+02:00,Cullera San Antonio,1.7,87,11.3
2026-09-15T17:34+02:00,Cullera Marenyet,4.3,95,11.3
2026-09-15T17:30+02:00,Cullera Faro,1.7,133,11.3
2026-09-15T17:35+02:00,Cullera San Antonio,3.5,90,11.3
2026-09-15T17:49+02:00,Cullera Marenyet,5.2,139,11.5
2026-09-15T17:40+02:00,Cullera Faro,0.9,89,11.5
2026-09-15T17:50+02:00,Cullera San Antonio,2.6,94,11.5
2026-09-15T18:04+02:00,Cullera Marenyet,4.3,80,13.5
2026-09-15T18:00+02:00,Cullera Faro,4.3,138,13.5
2026-09-15T18:05+02:00,Cullera San Antonio,3.5,119,13.5
2026-09-15T18:19+02:00,Cullera Marenyet,4.3,126,13.5
2026-09-15T18:10+02:00,Cullera Faro,4.3,360,13.5
2026-09-15T18:20+02:00,Cullera San Antonio,2.6,121,13.5
2026-09-15T18:34+02:00,Cullera Marenyet,7.8,133,13.5
2026-09-15T18:30+02:00,Cullera Faro,1.7,65,13.5
2026-09-15T18:35+02:00,Cullera San Antonio,2.6,140,13.5
2026-09-15T18:49+02:00,Cullera Marenyet,5.2,141,13.5
2026-09-15T18:40+02:00,Cullera Faro,5.2,189,13.5
2026-09-15T18:50+02:00,Cullera San Antonio,0.9,87,13.5
2026-09-15T19:04+02:00,Cullera Marenyet,6.1,144,11.9
2026-09-15T19:00+02:00,Cullera Faro,5.2,360,11.9
2026-09-15T19:05+02:00,Cullera San Antonio,3.5,132,11.9
2026-09-15T19:19+02:00,Cullera Marenyet,6.1,148,11.9
2026-09-15T19:10+02:00,Cullera Faro,3.5,234,11.9
2026-09-15T19:20+02:00,Cullera San Antonio,2.6,95,11.9
2026-09-15T19:34+02:00,Cullera Marenyet,5.2,108,11.9
2026-09-15T19:30+02:00,Cullera Faro,6.1,360,11.9
2026-09-15T19:35+02:00,Cullera San Antonio,2.6,113,11.9
2026-09-15T19:49+02:00,Cullera Marenyet,3.5,121,11.9
2026-09-15T19:50+02:00,Cullera Faro,6.1,138,11.9
2026-09-15T19:50+02:00,Cullera San Antonio,3.5,98,11.9
2026-09-15T20:04+02:00,Cullera Marenyet,4.3,118,10.6
2026-09-15T20:00+02:00,Cullera Faro,1.7,239,10.6
2026-09-15T20:05+02:00,Cullera San Antonio,3.5,46,10.6
2026-09-15T20:19+02:00,Cullera Marenyet,6.1,121,10.6
2026-09-15T20:20+02:00,Cullera Faro,3.5,94,10.6
2026-09-15T20:20+02:00,Cullera San Antonio,2.6,65,10.6
2026-09-15T20:24+02:00,Cullera Marenyet,2.6,127,10.6
2026-09-15T20:25+02:00,Cullera San Antonio,3.5,90,10.6
2026-09-15T20:39+02:00,Cullera Marenyet,2.6,108,10.6
2026-09-15T20:30+02:00,Cullera Faro,3.5,143,10.6
2026-09-15T20:40+02:00,Cullera San Antonio,3.5,94,10.6
2026-09-15T20:54+02:00,Cullera Marenyet,3.5,99,10.0
2026-09-15T20:40+02:00,Cullera Faro,0.9,102,10.0
2026-09-15T20:55+02:00,Cullera San Antonio,4.3,80,10.0
2026-09-15T21:09+02:00,Cullera Marenyet,0.9,75,6.6
2026-09-15T21:00+02:00,Cullera Faro,0.9,144,6.6
2026-09-15T21:10+02:00,Cullera San Antonio,3.5,13,6.6
2026-09-15T21:24+02:00,Cullera Marenyet,1.7,316,6.6
2026-09-15T21:10+02:00,Cullera Faro,0.0,221,6.6
2026-09-15T21:25+02:00,Cullera San Antonio,0.9,306,6.6
2026-09-15T21:39+02:00,Cullera Marenyet,7.0,319,6.6
2026-09-15T21:30+02:00,Cullera Faro,0.9,240,6.6
2026-09-15T21:40+02:00,Cullera San Antonio,2.6,13,6.6
2026-09-15T21:54+02:00,Cullera Marenyet,6.1,293,6.6
2026-09-15T21:40+02:00,Cullera Faro,6.1,258,6.6
2026-09-15T21:55+02:00,Cullera San Antonio,2.6,298,6.6
2026-09-15T23:34+02:00,Cullera Marenyet,5.2,288,10.9
2026-09-15T23:30+02:00,Cullera Faro,13.0,275,10.9
2026-09-15T23:35+02:00,Cullera San Antonio,4.3,321,10.9
2026-09-16T09:04+02:00,Cullera Marenyet,1.7,295,4.9
2026-09-16T09:00+02:00,Cullera Faro,8.7,236,4.9
2026-09-16T09:00+02:00,Cullera San Antonio,3.5,18,4.9
2026-09-16T09:19+02:00,Cullera Marenyet,3.5,326,4.9
2026-09-16T09:10+02:00,Cullera Faro,8.7,268,4.9
2026-09-16T09:15+02:00,Cullera San Antonio,3.5,239,4.9
2026-09-16T09:34+02:00,Cullera Marenyet,6.1,305,4.9
2026-09-16T09:30+02:00,Cullera Faro,9.6,249,4.9
2026-09-16T09:30+02:00,Cullera San Antonio,4.3,325,4.9
2026-09-16T09:49+02:00,Cullera Marenyet,2.6,295,4.9
2026-09-16T09:40+02:00,Cullera Faro,10.4,245,4.9
2026-09-16T09:45+02:00,Cullera San Antonio,3.5,340,4.9
2026-09-16T10:04+02:00,Cullera Marenyet,3.5,293,5.8
2026-09-16T10:00+02:00,Cullera Faro,10.4,254,5.8
2026-09-16T10:00+02:00,Cullera San Antonio,5.2,340,5.8
2026-09-16T10:19+02:00,Cullera Marenyet,4.3,295,5.8
2026-09-16T10:10+02:00,Cullera Faro,9.6,278,5.8
2026-09-16T10:15+02:00,Cullera San Antonio,4.3,11,5.8
2026-09-16T10:34+02:00,Cullera Marenyet,6.1,307,5.8
2026-09-16T10:30+02:00,Cullera Faro,8.7,261,5.8
2026-09-16T10:30+02:00,Cullera San Antonio,4.3,360,5.8
2026-09-16T10:49+02:00,Cullera Marenyet,5.2,323,5.8
2026-09-16T10:40+02:00,Cullera Faro,13.0,287,5.8
2026-09-16T10:45+02:00,Cullera San Antonio,2.6,267,5.8
2026-09-16T11:04+02:00,Cullera Marenyet,2.6,308,6.6
2026-09-16T11:00+02:00,Cullera Faro,9.6,295,6.6
2026-09-16T11:05+02:00,Cullera San Antonio,3.5,344,6.6
2026-09-16T11:19+02:00,Cullera Marenyet,7.8,332,6.6
2026-09-16T11:10+02:00,Cullera Faro,12.1,284,6.6
2026-09-16T11:20+02:00,Cullera San Antonio,3.5,318,6.6
2026-09-16T11:34+02:00,Cullera Marenyet,6.1,346,6.6
2026-09-16T11:30+02:00,Cullera Faro,7.0,285,6.6
2026-09-16T11:35+02:00,Cullera San Antonio,2.6,355,6.6
2026-09-16T11:49+02:00,Cullera Marenyet,3.5,292,6.6
2026-09-16T11:40+02:00,Cullera Faro,7.0,300,6.6
2026-09-16T11:50+02:00,Cullera San Antonio,2.6,355,6.6
2026-09-16T12:04+02:00,Cullera Marenyet,6.1,309,8.0
2026-09-16T12:00+02:00,Cullera Faro,7.0,302,8.0
2026-09-16T12:05+02:00,Cullera San Antonio,2.6,28,8.0
2026-09-16T12:19+02:00,Cullera Marenyet,5.2,298,8.0
2026-09-16T12:10+02:00,Cullera Faro,7.0,333,8.0
2026-09-16T12:20+02:00,Cullera San Antonio,2.6,166,8.0
2026-09-16T12:34+02:00,Cullera Marenyet,3.5,352,8.0
2026-09-16T12:30+02:00,Cullera Faro,8.7,311,8.0
2026-09-16T12:35+02:00,Cullera San Antonio,2.6,28,8.0
2026-09-16T12:49+02:00,Cullera Marenyet,5.2,309,8.0
2026-09-16T12:40+02:00,Cullera Faro,7.0,287,8.0
2026-09-16T12:50+02:00,Cullera San Antonio,2.6,52,8.0
2026-09-16T13:04+02:00,Cullera Marenyet,3.5,344,9.0
2026-09-16T13:00+02:00,Cullera Faro,6.1,342,9.0
2026-09-16T13:05+02:00,Cullera San Antonio,1.7,360,9.0
2026-09-16T13:19+02:00,Cullera Marenyet,5.2,345,9.0
2026-09-16T13:10+02:00,Cullera Faro,3.5,346,9.0
2026-09-16T13:20+02:00,Cullera San Antonio,1.7,295,9.0
2026-09-16T13:34+02:00,Cullera Marenyet,6.1,326,9.0
2026-09-16T13:30+02:00,Cullera Faro,9.6,317,9.0
2026-09-16T13:35+02:00,Cullera San Antonio,2.6,81,9.0
2026-09-16T13:49+02:00,Cullera Marenyet,4.3,325,9.0
2026-09-16T13:40+02:00,Cullera Faro,9.6,324,9.0
2026-09-16T13:50+02:00,Cullera San Antonio,2.6,343,9.0
2026-09-16T14:04+02:00,Cullera Marenyet,7.8,305,7.4
2026-09-16T14:00+02:00,Cullera Faro,9.6,360,7.4
2026-09-16T14:05+02:00,Cullera San Antonio,2.6,348,7.4
2026-09-16T14:19+02:00,Cullera Marenyet,4.3,307,7.4
2026-09-16T14:20+02:00,Cullera Faro,7.8,360,7.4
2026-09-16T14:20+02:00,Cullera San Antonio,2.6,23,7.4
2026-09-16T14:34+02:00,Cullera Marenyet,6.1,343,7.4
2026-09-16T14:30+02:00,Cullera Faro,8.7,334,7.4
2026-09-16T14:35+02:00,Cullera San Antonio,3.5,37,7.4
2026-09-16T14:49+02:00,Cullera Marenyet,2.6,22,7.4
2026-09-16T14:40+02:00,Cullera Faro,9.6,325,7.4
2026-09-16T14:50+02:00,Cullera San Antonio,2.6,33,7.4
2026-09-16T15:04+02:00,Cullera Marenyet,5.2,25,7.2
2026-09-16T15:00+02:00,Cullera Faro,7.8,328,7.2
2026-09-16T15:05+02:00,Cullera San Antonio,2.6,326,7.2
2026-09-16T15:19+02:00,Cullera Marenyet,6.1,8,8.8
2026-09-16T15:10+02:00,Cullera Faro,7.0,360,8.8
2026-09-16T15:20+02:00,Cullera San Antonio,3.5,16,8.8
2026-09-16T15:34+02:00,Cullera Marenyet,6.1,20,8.8
2026-09-16T15:30+02:00,Cullera Faro,6.1,345,8.8
2026-09-16T15:35+02:00,Cullera San Antonio,1.7,319,8.8
2026-09-16T15:49+02:00,Cullera Marenyet,7.8,24,8.8
2026-09-16T15:40+02:00,Cullera Faro,4.3,348,8.8
2026-09-16T15:50+02:00,Cullera San Antonio,3.5,94,8.8
2026-09-16T16:04+02:00,Cullera Marenyet,5.2,40,9.1
2026-09-16T16:00+02:00,Cullera Faro,0.9,24,9.1
2026-09-16T16:05+02:00,Cullera San Antonio,3.5,101,9.1
2026-09-16T16:14+02:00,Cullera Marenyet,6.1,27,9.1
2026-09-16T16:10+02:00,Cullera Faro,5.2,74,9.1
2026-09-16T16:15+02:00,Cullera San Antonio,4.3,32,9.1
2026-09-16T16:29+02:00,Cullera Marenyet,5.2,81,9.1
2026-09-16T16:30+02:00,Cullera Faro,3.5,105,9.1
2026-09-16T16:30+02:00,Cullera San Antonio,4.3,96,9.1
2026-09-16T16:44+02:00,Cullera Marenyet,4.3,87,9.1
2026-09-16T16:40+02:00,Cullera Faro,4.3,127,9.1
2026-09-16T16:45+02:00,Cullera San Antonio,5.2,128,9.1
2026-09-16T16:59+02:00,Cullera Marenyet,6.1,101,9.1
2026-09-16T17:00+02:00,Cullera Faro,8.7,360,6.8
2026-09-16T17:00+02:00,Cullera San Antonio,4.3,107,6.8
2026-09-16T17:14+02:00,Cullera Marenyet,7.8,79,6.8
2026-09-16T17:10+02:00,Cullera Faro,6.1,360,6.8
2026-09-16T17:15+02:00,Cullera San Antonio,2.6,174,6.8
2026-09-16T17:34+02:00,Cullera Marenyet,9.6,132,6.8
2026-09-16T17:30+02:00,Cullera Faro,6.1,360,6.8
2026-09-16T17:35+02:00,Cullera San Antonio,4.3,96,6.8
2026-09-16T17:49+02:00,Cullera Marenyet,5.2,161,6.8
2026-09-16T17:40+02:00,Cullera Faro,7.0,360,6.8
2026-09-16T17:50+02:00,Cullera San Antonio,3.5,184,6.8
2026-09-16T18:04+02:00,Cullera Marenyet,8.7,98,4.6
2026-09-16T18:00+02:00,Cullera Faro,3.5,158,4.6
2026-09-16T18:05+02:00,Cullera San Antonio,3.5,53,4.6
2026-09-16T18:19+02:00,Cullera Marenyet,7.0,101,4.6
2026-09-16T18:10+02:00,Cullera Faro,5.2,144,4.6
2026-09-16T18:20+02:00,Cullera San Antonio,3.5,87,4.6
2026-09-16T18:34+02:00,Cullera Marenyet,9.6,106,4.6
2026-09-16T18:30+02:00,Cullera Faro,4.3,296,4.6
2026-09-16T18:35+02:00,Cullera San Antonio,3.5,153,4.6
2026-09-16T18:49+02:00,Cullera Marenyet,9.6,108,4.6
2026-09-16T18:40+02:00,Cullera Faro,11.3,112,4.6
2026-09-16T18:50+02:00,Cullera San Antonio,2.6,350,4.6
2026-09-16T19:04+02:00,Cullera Marenyet,14.8,93,8.4
2026-09-16T19:00+02:00,Cullera Faro,6.1,86,8.4
2026-09-16T19:05+02:00,Cullera San Antonio,1.7,45,8.4
2026-09-16T19:19+02:00,Cullera Marenyet,13.9,87,8.4
2026-09-16T19:20+02:00,Cullera Faro,7.8,144,8.4
2026-09-16T19:20+02:00,Cullera San Antonio,4.3,9,8.4
2026-09-16T19:34+02:00,Cullera Marenyet,13.9,79,8.4
2026-09-16T19:30+02:00,Cullera Faro,6.1,183,8.4
2026-09-16T19:35+02:00,Cullera San Antonio,7.8,80,8.4
2026-09-16T19:49+02:00,Cullera Marenyet,14.8,79,8.4
2026-09-16T19:40+02:00,Cullera Faro,6.1,82,8.4
2026-09-16T19:50+02:00,Cullera San Antonio,10.4,86,8.4
2026-09-16T20:04+02:00,Cullera Marenyet,14.8,70,12.6
2026-09-16T20:00+02:00,Cullera Faro,7.8,143,12.6
2026-09-16T20:05+02:00,Cullera San Antonio,10.4,85,12.6
2026-09-16T20:14+02:00,Cullera Marenyet,14.8,84,12.6
2026-09-16T20:10+02:00,Cullera Faro,7.0,150,12.6
2026-09-16T20:15+02:00,Cullera San Antonio,9.6,86,12.6
2026-09-16T20:29+02:00,Cullera Marenyet,17.4,84,12.6
2026-09-16T20:30+02:00,Cullera Faro,10.4,99,12.6
2026-09-16T20:30+02:00,Cullera San Antonio,9.6,91,12.6
2026-09-16T20:44+02:00,Cullera Marenyet,14.8,88,12.6
2026-09-16T20:40+02:00,Cullera Faro,4.3,200,12.6
2026-09-16T20:45+02:00,Cullera San Antonio,8.7,98,12.6
2026-09-16T20:59+02:00,Cullera Marenyet,14.8,82,7.4
2026-09-16T21:00+02:00,Cullera Faro,8.7,139,10.6
2026-09-16T21:00+02:00,Cullera San Antonio,5.2,64,10.6
2026-09-16T21:14+02:00,Cullera Marenyet,13.9,82,10.6
2026-09-16T21:10+02:00,Cullera Faro,12.1,104,10.6
2026-09-16T21:15+02:00,Cullera San Antonio,8.7,82,10.6
2026-09-16T21:29+02:00,Cullera Marenyet,12.1,84,10.6
2026-09-16T21:30+02:00,Cullera Faro,10.4,102,10.6
2026-09-16T21:30+02:00,Cullera San Antonio,10.4,92,10.6
2026-09-16T21:44+02:00,Cullera Marenyet,9.6,15,10.6
2026-09-16T21:40+02:00,Cullera Faro,19.1,280,10.6
2026-09-16T21:45+02:00,Cullera San Antonio,7.8,355,10.6
2026-09-16T22:04+02:00,Cullera Marenyet,6.1,341,19.1
2026-09-16T22:00+02:00,Cullera Faro,22.6,288,19.1
2026-09-16T22:05+02:00,Cullera San Antonio,5.2,325,19.1
2026-09-16T23:24+02:00,Cullera Marenyet,3.5,283,14.4
2026-09-16T23:10+02:00,Cullera Faro,12.1,65,14.4
2026-09-16T23:25+02:00,Cullera San Antonio,2.6,265,14.4
2026-09-17T11:44+02:00,Cullera Marenyet,3.5,285,2.9
2026-09-17T11:40+02:00,Cullera Faro,7.0,265,2.9
2026-09-17T11:45+02:00,Cullera San Antonio,1.7,241,2.9
2026-09-17T11:59+02:00,Cullera Marenyet,3.5,320,2.9
2026-09-17T12:00+02:00,Cullera Faro,7.8,293,4.0
2026-09-17T12:00+02:00,Cullera San Antonio,1.7,76,4.0
2026-09-17T12:14+02:00,Cullera Marenyet,2.6,329,4.0
2026-09-17T12:10+02:00,Cullera Faro,7.8,285,4.0
2026-09-17T12:15+02:00,Cullera San Antonio,1.7,281,4.0
2026-09-17T12:29+02:00,Cullera Marenyet,3.5,285,4.0
2026-09-17T12:30+02:00,Cullera Faro,7.8,292,4.0
2026-09-17T12:30+02:00,Cullera San Antonio,2.6,347,4.0
2026-09-17T12:44+02:00,Cullera Marenyet,4.3,4,4.0
2026-09-17T12:40+02:00,Cullera Faro,6.1,286,4.0
2026-09-17T12:45+02:00,Cullera San Antonio,3.5,5,4.0
2026-09-17T12:59+02:00,Cullera Marenyet,2.6,246,3.3
2026-09-17T13:00+02:00,Cullera Faro,6.1,315,5.4
2026-09-17T13:00+02:00,Cullera San Antonio,1.7,319,5.4
2026-09-17T13:14+02:00,Cullera Marenyet,1.7,316,
2026-09-17T13:10+02:00,Cullera Faro,4.3,292,
2026-09-17T13:15+02:00,Cullera San Antonio,0.9,263,
2026-09-17T13:29+02:00,Cullera Marenyet,2.6,43,4.1
2026-09-17T13:30+02:00,Cullera Faro,0.9,57,4.1
2026-09-17T13:30+02:00,Cullera San Antonio,1.7,181,4.1
2026-09-17T13:44+02:00,Cullera Marenyet,2.6,358,4.1
2026-09-17T13:40+02:00,Cullera Faro,0.9,25,4.1
2026-09-17T13:45+02:00,Cullera San Antonio,1.7,96,4.1
2026-09-17T13:59+02:00,Cullera Marenyet,1.7,15,4.1
2026-09-17T14:00+02:00,Cullera Faro,3.5,73,4.3
2026-09-17T14:00+02:00,Cullera San Antonio,1.7,18,4.3
2026-09-17T14:14+02:00,Cullera Marenyet,2.6,29,4.3
2026-09-17T14:10+02:00,Cullera Faro,5.2,328,4.3
2026-09-17T14:15+02:00,Cullera San Antonio,1.7,103,4.3
2026-09-17T14:29+02:00,Cullera Marenyet,4.3,360,4.3
2026-09-17T14:30+02:00,Cullera Faro,5.2,326,4.3
2026-09-17T14:30+02:00,Cullera San Antonio,0.9,64,4.3
2026-09-17T14:44+02:00,Cullera Marenyet,2.6,42,4.3
2026-09-17T14:40+02:00,Cullera Faro,4.3,300,4.3
2026-09-17T14:45+02:00,Cullera San Antonio,1.7,74,4.3
2026-09-17T14:59+02:00,Cullera Marenyet,1.7,1,4.3
2026-09-17T15:00+02:00,Cullera Faro,5.2,319,6.2
2026-09-17T15:00+02:00,Cullera San Antonio,1.7,53,6.2
2026-09-17T15:14+02:00,Cullera Marenyet,1.7,27,5.3
2026-09-17T15:10+02:00,Cullera Faro,5.2,326,5.3
2026-09-17T15:15+02:00,Cullera San Antonio,1.7,72,5.3
2026-09-17T15:29+02:00,Cullera Marenyet,6.1,4,5.8
2026-09-17T15:30+02:00,Cullera Faro,6.1,69,5.8
2026-09-17T15:30+02:00,Cullera San Antonio,3.5,337,5.8
2026-09-17T15:44+02:00,Cullera Marenyet,3.5,35,5.8
2026-09-17T15:40+02:00,Cullera Faro,5.2,73,5.8
2026-09-17T15:45+02:00,Cullera San Antonio,1.7,78,5.8
2026-09-17T15:59+02:00,Cullera Marenyet,4.3,39,5.8
2026-09-17T16:00+02:00,Cullera Faro,3.5,57,5.0
2026-09-17T16:00+02:00,Cullera San Antonio,2.6,75,5.0
2026-09-17T16:14+02:00,Cullera Marenyet,3.5,359,5.0
2026-09-17T16:10+02:00,Cullera Faro,3.5,346,5.0
2026-09-17T16:15+02:00,Cullera San Antonio,1.7,59,5.0
2026-09-17T16:29+02:00,Cullera Marenyet,3.5,28,5.0
2026-09-17T16:30+02:00,Cullera Faro,4.3,22,5.0
2026-09-17T16:30+02:00,Cullera San Antonio,1.7,342,5.0
2026-09-17T16:34+02:00,Cullera Marenyet,6.1,30,5.0
2026-09-17T16:35+02:00,Cullera San Antonio,1.7,63,5.0
2026-09-17T16:49+02:00,Cullera Marenyet,6.1,18,5.0
2026-09-17T16:40+02:00,Cullera Faro,4.3,318,5.0
2026-09-17T16:50+02:00,Cullera San Antonio,2.6,172,5.0
2026-09-17T17:04+02:00,Cullera Marenyet,6.1,28,6.2
2026-09-17T17:00+02:00,Cullera Faro,0.9,36,6.2
2026-09-17T17:05+02:00,Cullera San Antonio,2.6,322,6.2
2026-09-17T17:19+02:00,Cullera Marenyet,6.1,12,6.2
2026-09-17T17:10+02:00,Cullera Faro,6.1,350,6.2
2026-09-17T17:20+02:00,Cullera San Antonio,2.6,48,6.2
2026-09-17T17:34+02:00,Cullera Marenyet,5.2,17,6.2
2026-09-17T17:30+02:00,Cullera Faro,6.1,320,6.2
2026-09-17T17:35+02:00,Cullera San Antonio,1.7,360,6.2
2026-09-17T17:49+02:00,Cullera Marenyet,5.2,13,6.2
2026-09-17T17:40+02:00,Cullera Faro,7.8,285,6.2
2026-09-17T17:50+02:00,Cullera San Antonio,2.6,312,6.2
2026-09-17T18:04+02:00,Cullera Marenyet,0.9,322,6.5
2026-09-17T18:00+02:00,Cullera Faro,7.8,289,6.5
2026-09-17T18:05+02:00,Cullera San Antonio,1.7,289,6.5
2026-09-17T18:19+02:00,Cullera Marenyet,2.6,280,4.7
2026-09-17T18:10+02:00,Cullera Faro,6.1,290,4.7
2026-09-17T18:20+02:00,Cullera San Antonio,2.6,336,4.7
2026-09-17T18:34+02:00,Cullera Marenyet,5.2,342,4.7
2026-09-17T18:30+02:00,Cullera Faro,7.0,293,4.7
2026-09-17T18:35+02:00,Cullera San Antonio,3.5,342,4.7
2026-09-17T18:49+02:00,Cullera Marenyet,4.3,306,4.7
2026-09-17T18:40+02:00,Cullera Faro,7.0,297,4.7
2026-09-17T18:50+02:00,Cullera San Antonio,1.7,5,4.7
2026-09-17T19:04+02:00,Cullera Marenyet,4.3,336,1.7
2026-09-17T19:00+02:00,Cullera Faro,7.0,298,1.7
2026-09-17T19:05+02:00,Cullera San Antonio,2.6,13,1.7
2026-09-17T19:24+02:00,Cullera Marenyet,1.7,295,1.7
2026-09-17T19:20+02:00,Cullera Faro,6.1,281,1.7
2026-09-17T19:25+02:00,Cullera San Antonio,2.6,355,1.7
2026-09-17T19:39+02:00,Cullera Marenyet,2.6,302,1.7
2026-09-17T19:30+02:00,Cullera Faro,5.2,297,1.7
2026-09-17T19:40+02:00,Cullera San Antonio,1.7,329,1.7
2026-09-17T19:54+02:00,Cullera Marenyet,1.7,289,1.7
2026-09-17T19:40+02:00,Cullera Faro,5.2,246,1.7
2026-09-17T19:55+02:00,Cullera San Antonio,0.9,320,1.7
2026-09-17T20:04+02:00,Cullera Marenyet,1.7,287,3.6
2026-09-17T20:00+02:00,Cullera Faro,3.5,257,3.6
2026-09-17T20:05+02:00,Cullera San Antonio,1.7,251,3.6
2026-09-17T20:19+02:00,Cullera Marenyet,1.7,260,3.6
2026-09-17T20:10+02:00,Cullera Faro,4.3,261,3.6
2026-09-17T20:20+02:00,Cullera San Antonio,0.9,319,3.6
2026-09-17T20:29+02:00,Cullera Marenyet,1.7,259,3.6
2026-09-17T20:30+02:00,Cullera Faro,6.1,267,3.6
2026-09-17T20:30+02:00,Cullera San Antonio,1.7,15,3.6
2026-09-17T20:44+02:00,Cullera Marenyet,1.7,262,3.6
2026-09-17T20:40+02:00,Cullera Faro,3.5,269,3.6
2026-09-17T20:45+02:00,Cullera San Antonio,1.7,269,3.6
2026-09-17T20:59+02:00,Cullera Marenyet,2.6,263,4.0
2026-09-17T21:00+02:00,Cullera Faro,6.1,228,3.1
2026-09-17T21:00+02:00,Cullera San Antonio,1.7,290,3.1
2026-09-17T21:14+02:00,Cullera Marenyet,1.7,253,3.1
2026-09-17T21:10+02:00,Cullera Faro,5.2,239,3.1
2026-09-17T21:15+02:00,Cullera San Antonio,0.9,355,3.1
2026-09-17T21:29+02:00,Cullera Marenyet,1.7,259,3.1
2026-09-17T21:30+02:00,Cullera Faro,4.3,253,3.1
2026-09-17T21:30+02:00,Cullera San Antonio,0.9,22,3.1
2026-09-17T21:44+02:00,Cullera Marenyet,2.6,265,3.1
2026-09-17T21:40+02:00,Cullera Faro,7.0,245,3.1
2026-09-17T21:45+02:00,Cullera San Antonio,2.6,313,3.1
2026-09-17T21:59+02:00,Cullera Marenyet,0.9,255,3.1
2026-09-17T22:00+02:00,Cullera Faro,5.2,260,3.5
2026-09-17T22:00+02:00,Cullera San Antonio,1.7,292,3.5
2026-09-17T23:39+02:00,Cullera Marenyet,2.6,295,2.9
2026-09-17T23:30+02:00,Cullera Faro,4.3,246,2.9
2026-09-17T23:35+02:00,Cullera San Antonio,1.7,296,2.9
2026-09-18T11:19+02:00,Cullera Marenyet,0.9,307,5.4
2026-09-18T11:10+02:00,Cullera Faro,4.3,269,5.4
2026-09-18T11:15+02:00,Cullera San Antonio,1.7,119,5.4
2026-09-18T11:34+02:00,Cullera Marenyet,2.6,21,5.4
2026-09-18T11:30+02:00,Cullera Faro,2.6,338,5.4
2026-09-18T11:35+02:00,Cullera San Antonio,1.7,58,5.4
2026-09-18T11:49+02:00,Cullera Marenyet,2.6,20,5.4
2026-09-18T11:40+02:00,Cullera Faro,1.7,21,5.4
2026-09-18T11:45+02:00,Cullera San Antonio,0.9,78,5.4
2026-09-18T11:59+02:00,Cullera Marenyet,0.9,41,5.4
2026-09-18T12:00+02:00,Cullera Faro,1.7,329,5.2
2026-09-18T12:00+02:00,Cullera San Antonio,1.7,339,5.2
2026-09-18T12:19+02:00,Cullera Marenyet,3.5,29,5.2
2026-09-18T12:10+02:00,Cullera Faro,1.7,22,5.2
2026-09-18T12:20+02:00,Cullera San Antonio,3.5,12,5.2
2026-09-18T12:34+02:00,Cullera Marenyet,4.3,32,5.2
2026-09-18T12:30+02:00,Cullera Faro,3.5,69,5.2
2026-09-18T12:35+02:00,Cullera San Antonio,3.5,93,5.2
2026-09-18T12:49+02:00,Cullera Marenyet,3.5,32,5.2
2026-09-18T12:40+02:00,Cullera Faro,1.7,45,5.2
2026-09-18T12:50+02:00,Cullera San Antonio,2.6,38,5.2
2026-09-18T13:04+02:00,Cullera Marenyet,3.5,39,6.8
2026-09-18T13:00+02:00,Cullera Faro,2.6,52,6.8
2026-09-18T13:05+02:00,Cullera San Antonio,4.3,63,6.8
2026-09-18T13:19+02:00,Cullera Marenyet,5.2,49,6.8
2026-09-18T13:10+02:00,Cullera Faro,9.6,76,6.8
2026-09-18T13:20+02:00,Cullera San Antonio,5.2,82,6.8
2026-09-18T13:34+02:00,Cullera Marenyet,6.1,41,6.8
2026-09-18T13:30+02:00,Cullera Faro,8.7,77,6.8
2026-09-18T13:35+02:00,Cullera San Antonio,6.1,92,6.8
2026-09-18T13:49+02:00,Cullera Marenyet,6.1,27,6.8
2026-09-18T13:40+02:00,Cullera Faro,8.7,61,6.8
2026-09-18T13:50+02:00,Cullera San Antonio,6.1,75,6.8
2026-09-18T14:04+02:00,Cullera Marenyet,3.5,46,3.3
2026-09-18T14:05+02:00,Cullera San Antonio,5.2,87,3.3
2026-09-18T14:19+02:00,Cullera Marenyet,7.8,53,3.3
2026-09-18T14:10+02:00,Cullera Faro,11.3,66,3.3
2026-09-18T14:20+02:00,Cullera San Antonio,6.1,126,3.3
2026-09-18T14:34+02:00,Cullera Marenyet,7.8,31,3.3
2026-09-18T14:30+02:00,Cullera Faro,8.7,61,3.3
2026-09-18T14:35+02:00,Cullera San Antonio,5.2,59,3.3
2026-09-18T14:49+02:00,Cullera Marenyet,10.4,60,3.3
2026-09-18T14:40+02:00,Cullera Faro,10.4,61,3.3
2026-09-18T14:50+02:00,Cullera San Antonio,5.2,65,3.3
2026-09-18T15:04+02:00,Cullera Marenyet,10.4,22,9.5
2026-09-18T15:00+02:00,Cullera Faro,12.1,77,9.5
2026-09-18T15:05+02:00,Cullera San Antonio,6.1,99,9.5
2026-09-18T15:19+02:00,Cullera Marenyet,7.0,55,9.5
2026-09-18T15:10+02:00,Cullera Faro,12.1,77,9.5
2026-09-18T15:20+02:00,Cullera San Antonio,7.0,92,9.5
2026-09-18T15:34+02:00,Cullera Marenyet,5.2,31,9.5
2026-09-18T15:30+02:00,Cullera Faro,8.7,48,9.5
2026-09-18T15:35+02:00,Cullera San Antonio,7.0,109,9.5
2026-09-18T15:39+02:00,Cullera Marenyet,7.8,22,9.8
2026-09-18T15:40+02:00,Cullera San Antonio,7.8,107,9.8
2026-09-18T15:54+02:00,Cullera Marenyet,10.4,52,9.8
2026-09-18T15:40+02:00,Cullera Faro,11.3,63,9.8
2026-09-18T15:55+02:00,Cullera San Antonio,7.8,90,9.8
2026-09-18T16:09+02:00,Cullera Marenyet,11.3,34,9.2
2026-09-18T16:00+02:00,Cullera Faro,10.4,74,9.2
2026-09-18T16:10+02:00,Cullera San Antonio,7.0,108,9.2
2026-09-18T16:24+02:00,Cullera Marenyet,8.7,60,9.2
2026-09-18T16:20+02:00,Cullera Faro,13.0,73,9.2
2026-09-18T16:25+02:00,Cullera San Antonio,7.8,101,9.2
2026-09-18T16:39+02:00,Cullera Marenyet,9.6,46,9.2
2026-09-18T16:30+02:00,Cullera Faro,11.3,70,9.2
2026-09-18T16:40+02:00,Cullera San Antonio,7.8,77,9.2
2026-09-18T16:54+02:00,Cullera Marenyet,10.4,37,9.6
2026-09-18T16:40+02:00,Cullera Faro,13.0,76,9.6
2026-09-18T16:55+02:00,Cullera San Antonio,7.0,55,9.6
2026-09-18T17:09+02:00,Cullera Marenyet,7.8,79,8.0
2026-09-18T17:00+02:00,Cullera Faro,5.2,115,8.0
2026-09-18T17:10+02:00,Cullera San Antonio,6.1,98,8.0
2026-09-18T17:24+02:00,Cullera Marenyet,8.7,51,8.0
2026-09-18T17:10+02:00,Cullera Faro,9.6,86,8.0
2026-09-18T17:25+02:00,Cullera San Antonio,5.2,150,8.0
2026-09-18T17:39+02:00,Cullera Marenyet,8.7,55,8.0
2026-09-18T17:30+02:00,Cullera Faro,9.6,137,8.0
2026-09-18T17:40+02:00,Cullera San Antonio,6.1,133,8.0
2026-09-18T17:54+02:00,Cullera Marenyet,5.2,84,8.3
2026-09-18T17:40+02:00,Cullera Faro,7.0,90,8.3
2026-09-18T17:55+02:00,Cullera San Antonio,6.1,117,8.3
2026-09-18T18:09+02:00,Cullera Marenyet,6.1,85,6.2
2026-09-18T18:00+02:00,Cullera Faro,6.1,94,6.2
2026-09-18T18:10+02:00,Cullera San Antonio,3.5,105,6.2
2026-09-18T18:24+02:00,Cullera Marenyet,6.1,53,6.2
2026-09-18T18:10+02:00,Cullera Faro,7.0,88,6.2
2026-09-18T18:25+02:00,Cullera San Antonio,3.5,147,6.2
2026-09-18T18:39+02:00,Cullera Marenyet,5.2,53,6.2
2026-09-18T18:30+02:00,Cullera Faro,1.7,109,6.2
2026-09-18T18:40+02:00,Cullera San Antonio,2.6,98,6.2
2026-09-18T18:54+02:00,Cullera Marenyet,2.6,63,6.2
2026-09-18T18:40+02:00,Cullera Faro,6.1,79,6.2
2026-09-18T18:55+02:00,Cullera San Antonio,2.6,66,6.2
2026-09-18T19:09+02:00,Cullera Marenyet,3.5,65,4.9
2026-09-18T19:00+02:00,Cullera Faro,5.2,82,4.9
2026-09-18T19:10+02:00,Cullera San Antonio,2.6,103,4.9
2026-09-18T21:44+02:00,Cullera Marenyet,0.9,259,3.1
2026-09-18T21:40+02:00,Cullera Faro,0.0,113,3.1
2026-09-18T21:45+02:00,Cullera San Antonio,0.0,146,3.1
2026-09-18T21:59+02:00,Cullera Marenyet,0.9,272,3.1
2026-09-18T22:00+02:00,Cullera Faro,1.7,92,1.5
2026-09-18T22:00+02:00,Cullera San Antonio,0.0,146,1.5
2026-09-19T11:04+02:00,Cullera Marenyet,2.6,278,6.7
2026-09-19T11:00+02:00,Cullera Faro,2.6,316,6.7
2026-09-19T11:05+02:00,Cullera San Antonio,1.7,5,6.7
2026-09-19T11:20+02:00,Cullera Marenyet,0.9,347,6.7
2026-09-19T11:10+02:00,Cullera Faro,6.1,279,6.7
2026-09-19T11:20+02:00,Cullera San Antonio,1.7,348,6.7
2026-09-19T11:34+02:00,Cullera Marenyet,2.6,49,6.7
2026-09-19T11:30+02:00,Cullera Faro,6.1,360,6.7
2026-09-19T11:35+02:00,Cullera San Antonio,0.9,296,6.7
2026-09-19T11:49+02:00,Cullera Marenyet,1.7,56,6.7
2026-09-19T11:50+02:00,Cullera Faro,1.7,355,6.7
2026-09-19T11:50+02:00,Cullera San Antonio,1.7,10,6.7
2026-09-19T12:04+02:00,Cullera Marenyet,4.3,42,5.1
2026-09-19T12:00+02:00,Cullera Faro,6.1,346,5.1
2026-09-19T12:05+02:00,Cullera San Antonio,2.6,87,5.1
2026-09-19T12:19+02:00,Cullera Marenyet,5.2,21,5.1
2026-09-19T12:20+02:00,Cullera Faro,5.2,9,5.1
2026-09-19T12:20+02:00,Cullera San Antonio,4.3,90,5.1
2026-09-19T12:34+02:00,Cullera Marenyet,4.3,23,5.1
2026-09-19T12:30+02:00,Cullera Faro,4.3,343,5.1
2026-09-19T12:35+02:00,Cullera San Antonio,2.6,74,5.1
2026-09-19T12:49+02:00,Cullera Marenyet,5.2,27,5.1
2026-09-19T12:50+02:00,Cullera Faro,4.3,9,5.1
2026-09-19T12:50+02:00,Cullera San Antonio,3.5,89,5.1
2026-09-19T13:04+02:00,Cullera Marenyet,5.2,27,6.8
2026-09-19T13:00+02:00,Cullera Faro,1.7,9,6.8
2026-09-19T13:05+02:00,Cullera San Antonio,4.3,70,6.8
2026-09-19T13:19+02:00,Cullera Marenyet,7.0,33,6.8
2026-09-19T13:10+02:00,Cullera Faro,5.2,15,6.8
2026-09-19T13:20+02:00,Cullera San Antonio,5.2,86,6.8
2026-09-19T13:34+02:00,Cullera Marenyet,7.8,30,6.8
2026-09-19T13:30+02:00,Cullera Faro,7.0,42,6.8
2026-09-19T13:35+02:00,Cullera San Antonio,5.2,88,6.8
2026-09-19T13:49+02:00,Cullera Marenyet,4.3,49,6.5
2026-09-19T13:50+02:00,Cullera Faro,2.6,40,6.5
2026-09-19T13:50+02:00,Cullera San Antonio,5.2,63,6.5
2026-09-19T14:04+02:00,Cullera Marenyet,8.7,75,7.2
2026-09-19T14:00+02:00,Cullera Faro,8.7,76,7.2
2026-09-19T14:05+02:00,Cullera San Antonio,5.2,81,7.2
2026-09-19T14:19+02:00,Cullera Marenyet,3.5,17,7.2
2026-09-19T14:10+02:00,Cullera Faro,8.7,79,7.2
2026-09-19T14:20+02:00,Cullera San Antonio,4.3,84,7.2
2026-09-19T14:34+02:00,Cullera Marenyet,4.3,70,7.2
2026-09-19T14:30+02:00,Cullera Faro,6.1,70,7.2
2026-09-19T14:35+02:00,Cullera San Antonio,4.3,82,7.2
2026-09-19T14:49+02:00,Cullera Marenyet,5.2,38,7.2
2026-09-19T14:40+02:00,Cullera Faro,6.1,61,7.2
2026-09-19T14:50+02:00,Cullera San Antonio,6.1,103,7.2
2026-09-19T15:04+02:00,Cullera Marenyet,7.0,44,6.1
2026-09-19T15:00+02:00,Cullera Faro,6.1,50,6.1
2026-09-19T15:05+02:00,Cullera San Antonio,6.1,91,6.1
2026-09-19T15:19+02:00,Cullera Marenyet,5.2,56,6.1
2026-09-19T15:10+02:00,Cullera Faro,5.2,60,6.1
2026-09-19T15:20+02:00,Cullera San Antonio,6.1,97,6.1
2026-09-19T15:34+02:00,Cullera Marenyet,5.2,58,7.2
2026-09-19T15:30+02:00,Cullera Faro,6.1,82,7.2
2026-09-19T15:35+02:00,Cullera San Antonio,6.1,33,7.2
2026-09-19T15:49+02:00,Cullera Marenyet,4.3,49,7.2
2026-09-19T15:40+02:00,Cullera Faro,5.2,96,7.2
2026-09-19T15:50+02:00,Cullera San Antonio,3.5,55,7.2
2026-09-19T16:04+02:00,Cullera Marenyet,4.3,74,6.3
2026-09-19T16:00+02:00,Cullera Faro,4.3,157,6.3
2026-09-19T16:05+02:00,Cullera San Antonio,1.7,136,6.3
2026-09-19T16:19+02:00,Cullera Marenyet,5.2,66,6.3
2026-09-19T16:10+02:00,Cullera Faro,4.3,89,6.3
2026-09-19T16:20+02:00,Cullera San Antonio,2.6,83,6.3
2026-09-19T16:34+02:00,Cullera Marenyet,4.3,27,6.3
2026-09-19T16:30+02:00,Cullera Faro,1.7,105,6.3
2026-09-19T16:35+02:00,Cullera San Antonio,2.6,80,6.3
2026-09-19T16:49+02:00,Cullera Marenyet,3.5,59,6.3
2026-09-19T16:40+02:00,Cullera Faro,6.1,86,6.3
2026-09-19T16:50+02:00,Cullera San Antonio,2.6,79,6.3
2026-09-19T17:04+02:00,Cullera Marenyet,4.3,60,6.3
2026-09-19T17:00+02:00,Cullera Faro,3.5,90,6.3
2026-09-19T17:05+02:00,Cullera San Antonio,2.6,135,6.3
2026-09-19T17:19+02:00,Cullera Marenyet,5.2,48,6.3
2026-09-19T17:10+02:00,Cullera Faro,7.0,82,6.3
2026-09-19T17:20+02:00,Cullera San Antonio,2.6,71,6.3
2026-09-19T17:34+02:00,Cullera Marenyet,5.2,66,6.3
2026-09-19T17:30+02:00,Cullera Faro,6.1,96,6.3
2026-09-19T17:35+02:00,Cullera San Antonio,3.5,94,6.3
2026-09-19T17:49+02:00,Cullera Marenyet,5.2,89,6.3
2026-09-19T17:40+02:00,Cullera Faro,3.5,36,6.3
2026-09-19T17:50+02:00,Cullera San Antonio,5.2,119,6.3
2026-09-19T18:04+02:00,Cullera Marenyet,5.2,91,6.2
2026-09-19T18:00+02:00,Cullera Faro,0.9,142,6.2
2026-09-19T18:05+02:00,Cullera San Antonio,3.5,105,6.2
2026-09-19T18:19+02:00,Cullera Marenyet,4.3,110,6.2
2026-09-19T18:10+02:00,Cullera Faro,7.0,89,6.2
2026-09-19T18:20+02:00,Cullera San Antonio,2.6,111,6.2
2026-09-19T18:24+02:00,Cullera Marenyet,6.1,98,6.2
2026-09-19T18:25+02:00,Cullera San Antonio,3.5,161,6.2
2026-09-19T18:39+02:00,Cullera Marenyet,4.3,136,6.2
2026-09-19T18:30+02:00,Cullera Faro,3.5,163,6.2
2026-09-19T18:40+02:00,Cullera San Antonio,4.3,150,6.2
2026-09-19T18:54+02:00,Cullera Marenyet,6.1,129,6.2
2026-09-19T18:40+02:00,Cullera Faro,1.7,106,6.2
2026-09-19T18:55+02:00,Cullera San Antonio,2.6,86,6.2
2026-09-19T19:09+02:00,Cullera Marenyet,4.3,124,6.1
2026-09-19T19:00+02:00,Cullera Faro,1.7,274,6.1
2026-09-19T19:10+02:00,Cullera San Antonio,1.7,221,6.1
2026-09-19T19:24+02:00,Cullera Marenyet,4.3,108,6.1
2026-09-19T19:10+02:00,Cullera Faro,3.5,175,6.1
2026-09-19T19:25+02:00,Cullera San Antonio,1.7,82,6.1
2026-09-19T19:39+02:00,Cullera Marenyet,7.0,131,6.1
2026-09-19T19:30+02:00,Cullera Faro,5.2,131,6.1
2026-09-19T19:40+02:00,Cullera San Antonio,1.7,173,6.1
2026-09-19T19:54+02:00,Cullera Marenyet,4.3,122,6.1
2026-09-19T19:40+02:00,Cullera Faro,0.0,94,6.1
2026-09-19T19:55+02:00,Cullera San Antonio,1.7,125,6.1
2026-09-19T20:09+02:00,Cullera Marenyet,4.3,136,5.1
2026-09-19T20:00+02:00,Cullera Faro,1.7,174,5.1
2026-09-19T20:10+02:00,Cullera San Antonio,1.7,138,5.1
2026-09-19T20:24+02:00,Cullera Marenyet,3.5,112,5.1
2026-09-19T20:10+02:00,Cullera Faro,2.6,88,5.1
2026-09-19T20:25+02:00,Cullera San Antonio,0.9,161,5.1
2026-09-19T20:39+02:00,Cullera Marenyet,2.6,120,5.1
2026-09-19T20:30+02:00,Cullera Faro,0.9,124,5.1
2026-09-19T20:40+02:00,Cullera San Antonio,1.7,57,5.1
2026-09-19T20:49+02:00,Cullera Marenyet,5.2,119,5.2
2026-09-19T20:40+02:00,Cullera Faro,2.6,142,5.2
2026-09-19T20:50+02:00,Cullera San Antonio,1.7,123,5.2
2026-09-19T21:04+02:00,Cullera Marenyet,3.5,120,5.6
2026-09-19T21:00+02:00,Cullera Faro,3.5,115,5.6
2026-09-19T21:05+02:00,Cullera San Antonio,1.7,131,5.6
2026-09-19T21:19+02:00,Cullera Marenyet,2.6,130,5.6
2026-09-19T21:10+02:00,Cullera Faro,3.5,117,5.6
2026-09-19T21:20+02:00,Cullera San Antonio,1.7,92,5.6
2026-09-19T21:34+02:00,Cullera Marenyet,3.5,103,5.6
2026-09-19T21:30+02:00,Cullera Faro,1.7,112,5.6
2026-09-19T21:35+02:00,Cullera San Antonio,2.6,111,5.6
2026-09-19T21:49+02:00,Cullera Marenyet,2.6,101,5.6
2026-09-19T21:40+02:00,Cullera Faro,0.0,154,5.6
2026-09-19T21:50+02:00,Cullera San Antonio,1.7,146,5.6
2026-09-19T22:04+02:00,Cullera Marenyet,0.9,186,4.9
2026-09-19T22:00+02:00,Cullera Faro,0.0,144,4.9
2026-09-19T22:05+02:00,Cullera San Antonio,0.0,136,4.9
2026-09-19T23:14+02:00,Cullera Marenyet,1.7,221,2.8
2026-09-19T23:10+02:00,Cullera Faro,0.9,114,2.8
2026-09-19T23:15+02:00,Cullera San Antonio,0.0,136,2.8
2026-09-20T11:29+02:00,Cullera Marenyet,0.0,52,2.0
2026-09-20T11:30+02:00,Cullera Faro,5.2,291,2.0
2026-09-20T11:30+02:00,Cullera San Antonio,1.7,328,2.0
2026-09-20T11:44+02:00,Cullera Marenyet,3.5,49,2.0
2026-09-20T11:40+02:00,Cullera Faro,3.5,317,2.0
2026-09-20T11:45+02:00,Cullera San Antonio,1.7,258,2.0
2026-09-20T11:59+02:00,Cullera Marenyet,2.6,33,2.0
2026-09-20T12:00+02:00,Cullera Faro,2.6,63,1.8
2026-09-20T12:00+02:00,Cullera San Antonio,1.7,193,1.8
2026-09-20T12:14+02:00,Cullera Marenyet,4.3,56,1.8
2026-09-20T12:10+02:00,Cullera Faro,1.7,99,1.8
2026-09-20T12:15+02:00,Cullera San Antonio,1.7,92,1.8
2026-09-20T12:29+02:00,Cullera Marenyet,5.2,91,1.8
2026-09-20T12:30+02:00,Cullera Faro,6.1,67,1.8
2026-09-20T12:30+02:00,Cullera San Antonio,3.5,342,1.8
2026-09-20T12:44+02:00,Cullera Marenyet,5.2,38,1.8
2026-09-20T12:40+02:00,Cullera Faro,6.1,79,1.8
2026-09-20T12:45+02:00,Cullera San Antonio,2.6,88,1.8
2026-09-20T12:59+02:00,Cullera Marenyet,7.0,63,1.0
2026-09-20T13:00+02:00,Cullera Faro,5.2,63,5.3
2026-09-20T12:55+02:00,Cullera San Antonio,2.6,94,1.0
2026-09-20T13:14+02:00,Cullera Marenyet,6.1,46,5.3
2026-09-20T13:10+02:00,Cullera Faro,5.2,75,5.3
2026-09-20T13:15+02:00,Cullera San Antonio,2.6,100,5.3
2026-09-20T13:29+02:00,Cullera Marenyet,6.1,59,5.3
2026-09-20T13:30+02:00,Cullera Faro,7.0,85,5.3
2026-09-20T13:30+02:00,Cullera San Antonio,2.6,79,5.3
2026-09-20T13:44+02:00,Cullera Marenyet,4.3,58,5.3
2026-09-20T13:40+02:00,Cullera Faro,5.2,88,5.3
2026-09-20T13:45+02:00,Cullera San Antonio,2.6,121,5.3
2026-09-20T13:59+02:00,Cullera Marenyet,5.2,75,5.3
2026-09-20T14:00+02:00,Cullera Faro,4.3,116,6.0
2026-09-20T14:00+02:00,Cullera San Antonio,4.3,98,6.0
2026-09-20T14:14+02:00,Cullera Marenyet,5.2,91,6.0
2026-09-20T14:10+02:00,Cullera Faro,4.3,133,6.0
2026-09-20T14:15+02:00,Cullera San Antonio,3.5,132,6.0
2026-09-20T14:29+02:00,Cullera Marenyet,7.0,86,6.0
2026-09-20T14:30+02:00,Cullera Faro,5.2,140,6.0
2026-09-20T14:30+02:00,Cullera San Antonio,3.5,79,6.0
2026-09-20T14:44+02:00,Cullera Marenyet,5.2,103,6.0
2026-09-20T14:40+02:00,Cullera Faro,5.2,123,6.0
2026-09-20T14:45+02:00,Cullera San Antonio,5.2,86,6.0
2026-09-20T14:59+02:00,Cullera Marenyet,5.2,100,6.0
2026-09-20T15:00+02:00,Cullera Faro,6.1,126,8.4
2026-09-20T15:00+02:00,Cullera San Antonio,3.5,167,8.4
2026-09-20T15:14+02:00,Cullera Marenyet,7.8,96,8.4
2026-09-20T15:10+02:00,Cullera Faro,3.5,134,8.4
2026-09-20T15:15+02:00,Cullera San Antonio,2.6,78,8.4
2026-09-20T15:29+02:00,Cullera Marenyet,10.4,90,8.4
2026-09-20T15:30+02:00,Cullera Faro,12.1,119,8.4
2026-09-20T15:30+02:00,Cullera San Antonio,6.1,94,8.4
2026-09-20T15:34+02:00,Cullera Marenyet,9.6,82,8.4
2026-09-20T15:35+02:00,Cullera San Antonio,7.0,101,8.4
2026-09-20T15:49+02:00,Cullera Marenyet,7.8,82,8.4
2026-09-20T15:40+02:00,Cullera Faro,4.3,105,8.4
2026-09-20T15:50+02:00,Cullera San Antonio,5.2,96,8.4
2026-09-20T16:04+02:00,Cullera Marenyet,9.6,84,7.6
2026-09-20T16:00+02:00,Cullera Faro,6.1,88,7.6
2026-09-20T16:05+02:00,Cullera San Antonio,7.0,82,7.6
2026-09-20T16:19+02:00,Cullera Marenyet,11.3,86,7.6
2026-09-20T16:10+02:00,Cullera Faro,1.7,64,7.6
2026-09-20T16:20+02:00,Cullera San Antonio,7.8,99,7.6
2026-09-20T16:34+02:00,Cullera Marenyet,9.6,84,7.6
2026-09-20T16:30+02:00,Cullera Faro,5.2,121,7.6
2026-09-20T16:35+02:00,Cullera San Antonio,7.8,113,7.6
2026-09-20T16:49+02:00,Cullera Marenyet,8.7,81,7.6
2026-09-20T16:40+02:00,Cullera Faro,5.2,83,7.6
2026-09-20T16:50+02:00,Cullera San Antonio,7.0,94,7.6
2026-09-20T17:04+02:00,Cullera Marenyet,6.1,65,6.7
2026-09-20T17:00+02:00,Cullera Faro,1.7,140,6.7
2026-09-20T17:05+02:00,Cullera San Antonio,6.1,60,6.7
2026-09-20T17:19+02:00,Cullera Marenyet,7.0,89,6.7
2026-09-20T17:10+02:00,Cullera Faro,1.7,80,6.7
2026-09-20T17:20+02:00,Cullera San Antonio,4.3,102,6.7
